Ube,Ib
2.999999999999999889e-01,2.030962862955903222e-03
3.015384615384615330e-01,2.107535089177076104e-03
3.030769230769230771e-01,2.186992143424058236e-03
3.046153846153846212e-01,2.269442710439985040e-03
3.061538461538461653e-01,2.354999569622266437e-03
3.076923076923077094e-01,2.443779749287046561e-03
3.092307692307691980e-01,2.535904686745507532e-03
3.107692307692307421e-01,2.631500394411019194e-03
3.123076923076922862e-01,2.730697632164264758e-03
3.138461538461538303e-01,2.833632086212186253e-03
3.153846153846153744e-01,2.940444554685346223e-03
3.169230769230769185e-01,3.051281140227626691e-03
3.184615384615384626e-01,3.166293449841626768e-03
3.200000000000000067e-01,3.285638802263196427e-03
3.215384615384615508e-01,3.409480443148696447e-03
3.230769230769230393e-01,3.537987768369348866e-03
3.246153846153845834e-01,3.671336555718155824e-03
3.261538461538461275e-01,3.809709205346217993e-03
3.276923076923076716e-01,3.953294989257452423e-03
3.292307692307692157e-01,4.102290310202883102e-03
3.307692307692307598e-01,4.256898970328710022e-03
3.323076923076923039e-01,4.417332449945555149e-03
3.338461538461538480e-01,4.583810196800229553e-03
3.353846153846153921e-01,4.756559926245719494e-03
3.369230769230768807e-01,4.935817932719944144e-03
3.384615384615384803e-01,5.121829412959378117e-03
3.399999999999999689e-01,5.314848801389516000e-03
3.415384615384615130e-01,5.515140118151200602e-03
3.430769230769230571e-01,5.722977330238573218e-03
3.446153846153846012e-01,5.938644726242804477e-03
3.461538461538461453e-01,6.162437305214144533e-03
3.476923076923076894e-01,6.394661180174190072e-03
3.492307692307692335e-01,6.635633996830280802e-03
3.507692307692307776e-01,6.885685368064883155e-03
3.523076923076923217e-01,7.145157324794091866e-03
3.538461538461538103e-01,7.414404783812097131e-03
3.553846153846153544e-01,7.693796033261490058e-03
3.569230769230768985e-01,7.983713236393472426e-03
3.584615384615384426e-01,8.284552954307026346e-03
3.599999999999999867e-01,8.596726688382081219e-03
3.615384615384615308e-01,8.920661443148637446e-03
3.630769230769230749e-01,9.256800310361697204e-03
3.646153846153846190e-01,9.605603075081119158e-03
3.661538461538461631e-01,9.967546844585164698e-03
3.676923076923076517e-01,1.034312670097814468e-02
3.692307692307692513e-01,1.073285637838483977e-02
3.707692307692307399e-01,1.113726896565788403e-02
3.723076923076922840e-01,1.155691763555943309e-02
3.738461538461538280e-01,1.199237640141441290e-02
3.753846153846153721e-01,1.244424090227039779e-02
3.769230769230769162e-01,1.291312921763809914e-02
3.784615384615384603e-01,1.339968271292674151e-02
3.800000000000000044e-01,1.390456691673114253e-02
3.815384615384614930e-01,1.442847243116996206e-02
3.830769230769230926e-01,1.497211587652073211e-02
3.846153846153845812e-01,1.553624087144359067e-02
3.861538461538461253e-01,1.612161905013455299e-02
3.876923076923076694e-01,1.672905111779963983e-02
3.892307692307692135e-01,1.735936794589356541e-02
3.907692307692307576e-01,1.801343170862111653e-02
3.923076923076923017e-01,1.869213706225563917e-02
3.938461538461538458e-01,1.939641236888819606e-02
3.953846153846153899e-01,2.012722096628061924e-02
3.969230769230769340e-01,2.088556248556000874e-02
3.984615384615384226e-01,2.167247421855671846e-02
4.000000000000000222e-01,2.248903253665637120e-02
4.015384615384615108e-01,2.333635436310628822e-02
4.030769230769230549e-01,2.421559870079106891e-02
4.046153846153845990e-01,2.512796821756573679e-02
4.061538461538461431e-01,2.607471089131612602e-02
4.076923076923076872e-01,2.705712171699633378e-02
4.092307692307692313e-01,2.807654447797789873e-02
4.107692307692307754e-01,2.913437358413388523e-02
4.123076923076922640e-01,3.023205597917217463e-02
4.138461538461538636e-01,3.137109311982669291e-02
4.153846153846153522e-01,3.255304302961365553e-02
4.169230769230768963e-01,3.377952242996300203e-02
4.184615384615384404e-01,3.505220895163840833e-02
4.199999999999999845e-01,3.637284342947204319e-02
4.215384615384615286e-01,3.774323228355297433e-02
4.230769230769230727e-01,3.916524999012523101e-02
4.246153846153846168e-01,4.064084164557634632e-02
4.261538461538461053e-01,4.217202562702300483e-02
4.276923076923077049e-01,4.376089635313332171e-02
4.292307692307691935e-01,4.540962714896154551e-02
4.307692307692307931e-01,4.712047321871547928e-02
4.323076923076922817e-01,4.889577473051968937e-02
4.338461538461538258e-01,5.073796001739814404e-02
4.353846153846153699e-01,5.264954889885101880e-02
4.369230769230769140e-01,5.463315612757131678e-02
4.384615384615384581e-01,5.669149496601490895e-02
4.400000000000000022e-01,5.882738089771653855e-02
4.415384615384615463e-01,6.104373547842818076e-02
4.430769230769230349e-01,6.334359033234694680e-02
4.446153846153846345e-01,6.573009129890095004e-02
4.461538461538461231e-01,6.820650273576078781e-02
4.476923076923076672e-01,7.077621198396891189e-02
4.492307692307692113e-01,7.344273400128711882e-02
4.507692307692307554e-01,7.620971617010688370e-02
4.523076923076922995e-01,7.908094328649369065e-02
4.538461538461538436e-01,8.206034273719248207e-02
4.553846153846153877e-01,8.515198987167460487e-02
4.569230769230768763e-01,8.836011357657370946e-02
4.584615384615384759e-01,9.168910206013863862e-02
4.599999999999999645e-01,9.514350885460931551e-02
4.615384615384615641e-01,9.872805904473452854e-02
4.630769230769230527e-01,1.024476557309417918e-01
4.646153846153845968e-01,1.063073867360086744e-01
4.661538461538461409e-01,1.103125315644026827e-01
4.676923076923076850e-01,1.144685686238125916e-01
4.692307692307692291e-01,1.187811827187479075e-01
4.707692307692307176e-01,1.232562728264556678e-01
4.723076923076923173e-01,1.278999601657950791e-01
4.738461538461538058e-01,1.327185965700980463e-01
4.753846153846154055e-01,1.377187731754810907e-01
4.769230769230768940e-01,1.429073294364786029e-01
4.784615384615384381e-01,1.482913624813424203e-01
4.799999999999999822e-01,1.538782368197952333e-01
4.815384615384615263e-01,1.596755944165207663e-01
4.830769230769230704e-01,1.656913651441689339e-01
4.846153846153846145e-01,1.719337776301720910e-01
4.861538461538461586e-01,1.784113705122140070e-01
4.876923076923076472e-01,1.851330041177407515e-01
4.892307692307692468e-01,1.921078725834956535e-01
4.907692307692307354e-01,1.993455164316481343e-01
4.923076923076923350e-01,2.068558356197296721e-01
4.938461538461538236e-01,2.146491030822141322e-01
4.953846153846153677e-01,2.227359787822791037e-01
4.969230769230769118e-01,2.311275242929537177e-01
4.984615384615384559e-01,2.398352179276117546e-01
5.000000000000000000e-01,2.488709704404955259e-01
5.015384615384614886e-01,2.582471413187549802e-01
5.030769230769230882e-01,2.679765556882811040e-01
5.046153846153845768e-01,2.780725218564552570e-01
5.061538461538461764e-01,2.885488495158241573e-01
5.076923076923076650e-01,2.994198686335803883e-01
5.092307692307691536e-01,3.107004490527072171e-01
5.107692307692307532e-01,3.224060208315803755e-01
5.123076923076923528e-01,3.345525953498574845e-01
5.138461538461538414e-01,3.471567872095269180e-01
5.153846153846153300e-01,3.602358369610688116e-01
5.169230769230769296e-01,3.738076346858156818e-01
5.184615384615384182e-01,3.878907444667614168e-01
5.200000000000000178e-01,4.025044297813124561e-01
5.215384615384615064e-01,4.176686798506852871e-01
5.230769230769231060e-01,4.334042369820236829e-01
5.246153846153845945e-01,4.497326249405989018e-01
5.261538461538461942e-01,4.666761783909438299e-01
5.276923076923076827e-01,4.842580734471481629e-01
5.292307692307691713e-01,5.025023593741410055e-01
5.307692307692307709e-01,5.214339914833011624e-01
5.323076923076922595e-01,5.410788652673856891e-01
5.338461538461538591e-01,5.614638518214993823e-01
5.353846153846153477e-01,5.826168345985121011e-01
5.369230769230769473e-01,6.045667475492466636e-01
5.384615384615384359e-01,6.273436146995524654e-01
5.400000000000000355e-01,6.509785912184649082e-01
5.415384615384615241e-01,6.755040060335555374e-01
5.430769230769230127e-01,7.009534060518275433e-01
5.446153846153846123e-01,7.273616020466041610e-01
5.461538461538462119e-01,7.547647162731779824e-01
5.476923076923077005e-01,7.832002318783749528e-01
5.492307692307691891e-01,8.127070441716073290e-01
5.507692307692306777e-01,8.433255138275204121e-01
5.523076923076922773e-01,8.750975220930568010e-01
5.538461538461538769e-01,9.080665280743946965e-01
5.553846153846153655e-01,9.422776281821736433e-01
5.569230769230768541e-01,9.777776178162854714e-01
5.584615384615384537e-01,1.014615055374619601e+00
5.600000000000000533e-01,1.052840328673294801e+00
5.615384615384615419e-01,1.092505723869265921e+00
5.630769230769230305e-01,1.133665496979569642e+00
5.646153846153846301e-01,1.176375948094998236e+00
5.661538461538461187e-01,1.220695498389761324e+00
5.676923076923077183e-01,1.266684770032477925e+00
5.692307692307692069e-01,1.314406669107730741e+00
5.707692307692306954e-01,1.363926471661709439e+00
5.723076923076922951e-01,1.415311912989567933e+00
5.738461538461538947e-01,1.468633280286626430e+00
5.753846153846153832e-01,1.523963508790203925e+00
5.769230769230768718e-01,1.581378281543553532e+00
5.784615384615384714e-01,1.640956132918334420e+00
5.800000000000000711e-01,1.702778556037273683e+00
5.815384615384615596e-01,1.766930114243929317e+00
5.830769230769230482e-01,1.833498556772054311e+00
5.846153846153845368e-01,1.902574938772704449e+00
5.861538461538461364e-01,1.974253745863383314e+00
5.876923076923077360e-01,2.048633023369462069e+00
5.892307692307692246e-01,2.125814510434766991e+00
5.907692307692307132e-01,2.205903779184734237e+00
5.923076923076923128e-01,2.289010379132429218e+00
5.938461538461539124e-01,2.375247987025042473e+00
5.953846153846154010e-01,2.464734562335789025e+00
5.969230769230768896e-01,2.557592508613921733e+00
5.984615384615383782e-01,2.653948840913481266e+00
5.999999999999999778e-01,2.753935359529937621e+00
6.015384615384615774e-01,2.857688830282204329e+00
6.030769230769230660e-01,2.965351171586772860e+00
6.046153846153845546e-01,3.077069648579791039e+00
6.061538461538461542e-01,3.192997074552552661e+00
6.076923076923077538e-01,3.313292019976034730e+00
6.092307692307692424e-01,3.438119029400336757e+00
6.107692307692307310e-01,3.567648846525758533e+00
6.123076923076922196e-01,3.702058647753277310e+00
6.138461538461538192e-01,3.841532284533974995e+00
6.153846153846154188e-01,3.986260534848879100e+00
6.169230769230769074e-01,4.136441364163216505e+00
6.184615384615383959e-01,4.292280196212043819e+00
6.199999999999999956e-01,4.453990193987533708e+00
6.215384615384615952e-01,4.621792551312404740e+00
6.230769230769230838e-01,4.795916795398249555e+00
6.246153846153845723e-01,4.976601100802676036e+00
6.261538461538460609e-01,5.164092615214572746e+00
6.276923076923076605e-01,5.358647797513242494e+00
6.292307692307692601e-01,5.560532768563774653e+00
6.307692307692307487e-01,5.770023675228507898e+00
6.323076923076922373e-01,5.987407068092521989e+00
6.338461538461538369e-01,6.212980293419660072e+00
6.353846153846154365e-01,6.447051899875432035e+00
6.369230769230769251e-01,6.689942060573010885e+00
6.384615384615384137e-01,6.941983011019724259e+00
6.400000000000000133e-01,7.203519503562880288e+00
6.415384615384615019e-01,7.474909278956654468e+00
6.430769230769231015e-01,7.756523555695251204e+00
6.446153846153845901e-01,8.048747537781240524e+00
6.461538461538460787e-01,8.351980941624155719e+00
6.476923076923076783e-01,8.666638542789495858e+00
6.492307692307692779e-01,8.993150743346417286e+00
6.507692307692307665e-01,9.331964160590105806e+00
6.523076923076922551e-01,9.683542237943832731e+00
6.538461538461538547e-01,1.004836587887674249e+01
6.553846153846154543e-01,1.042693410470392124e+01
6.569230769230769429e-01,1.081976473716912146e+01
6.584615384615384315e-01,1.122739510674338526e+01
6.599999999999999201e-01,1.165038278760859747e+01
6.615384615384615197e-01,1.208930636033107930e+01
6.630769230769231193e-01,1.254476620326883740e+01
6.646153846153846079e-01,1.301738531379455566e+01
6.661538461538460965e-01,1.350781016045804961e+01
6.676923076923076961e-01,1.401671156725343970e+01
6.692307692307692957e-01,1.454478563120072643e+01
6.707692307692307843e-01,1.509275467449695185e+01
6.723076923076922728e-01,1.566136823253941479e+01
6.738461538461537614e-01,1.625140407917195873e+01
6.753846153846153610e-01,1.686366929055725095e+01
6.769230769230769607e-01,1.749900134912978800e+01
6.784615384615384492e-01,1.815826928914012939e+01
6.799999999999999378e-01,1.884237488535716309e+01
6.815384615384615374e-01,1.955225388655367169e+01
6.830769230769231370e-01,2.028887729546360319e+01
6.846153846153846256e-01,2.105325269696082913e+01
6.861538461538461142e-01,2.184642563627689427e+01
6.876923076923076028e-01,2.266948104914206041e+01
6.892307692307692024e-01,2.352354474580680588e+01
6.907692307692308020e-01,2.440978495097276380e+01
6.923076923076922906e-01,2.532941390174040208e+01
6.938461538461537792e-01,2.628368950575881158e+01
6.953846153846153788e-01,2.727391706184486608e+01
6.969230769230769784e-01,2.830145104542686241e+01
6.984615384615384670e-01,2.936769696125353235e+01
6.999999999999999556e-01,3.047411326590361114e+01
7.015384615384614442e-01,3.162221336272456540e+01
7.030769230769230438e-01,3.281356767193032908e+01
7.046153846153846434e-01,3.404980577868869318e+01
7.061538461538461320e-01,3.533261866213744895e+01
7.076923076923076206e-01,3.666376100837809560e+01
7.092307692307692202e-01,3.804505361060949298e+01
7.107692307692308198e-01,3.947838585968682423e+01
7.123076923076923084e-01,4.096571832851063277e+01
7.138461538461537970e-01,4.250908545378234749e+01
7.153846153846153966e-01,4.411059831879321536e+01
7.169230769230768852e-01,4.577244754105345947e+01
7.184615384615384848e-01,4.749690626871331744e+01
7.199999999999999734e-01,4.928633328987057638e+01
7.215384615384614619e-01,5.114317625902278763e+01
7.230769230769230616e-01,5.306997504507211971e+01
7.246153846153846612e-01,5.506936520546688030e+01
7.261538461538461497e-01,5.714408159122898212e+01
7.276923076923076383e-01,5.929696208780011801e+01
7.292307692307692379e-01,6.153095149682206255e+01
7.307692307692308376e-01,6.384910556416134142e+01
7.323076923076923261e-01,6.625459515968893243e+01
7.338461538461538147e-01,6.875071061453161292e+01
7.353846153846153033e-01,7.134086622172665670e+01
7.369230769230769029e-01,7.402860490643671199e+01
7.384615384615385025e-01,7.681760307211418137e+01
7.399999999999999911e-01,7.971167562924334504e+01
7.415384615384614797e-01,8.271478121353547408e+01
7.430769230769230793e-01,8.583102760072161175e+01
7.446153846153846789e-01,8.906467732534119364e+01
7.461538461538461675e-01,9.242015351121912659e+01
7.476923076923076561e-01,9.590204592160368691e+01
7.492307692307691447e-01,9.951511723723953651e+01
7.507692307692307443e-01,1.032643095709642580e+02
7.523076923076923439e-01,1.071547512277432048e+02
7.538461538461538325e-01,1.111917637193810720e+02
7.553846153846153211e-01,1.153808690435133002e+02
7.569230769230769207e-01,1.197277972368310088e+02
7.584615384615385203e-01,1.242384942128667689e+02
7.600000000000000089e-01,1.289191298950695739e+02
