Uce,Ic10,Ic20,Ic30,Ic40,Ic50
0.000000000000000000e+00,0.000000000000000000e+00,0.000000000000000000e+00,0.000000000000000000e+00,0.000000000000000000e+00,0.000000000000000000e+00
2.506265664160400863e-02,2.439168546796476600e-01,4.878337093592953200e-01,7.317505640389428967e-01,9.756674187185906399e-01,1.219584273398238494e+00
5.012531328320801727e-02,4.338691898468506891e-01,8.677383796937013782e-01,1.301607569540551790e+00,1.735476759387402756e+00,2.169345949234253279e+00
7.518796992481202590e-02,5.818096946050393958e-01,1.163619389210078792e+00,1.745429083815118076e+00,2.327238778420157583e+00,2.909048473025196646e+00
1.002506265664160345e-01,6.970436395891232984e-01,1.394087279178246597e+00,2.091130918767369451e+00,2.788174558356493193e+00,3.485218197945616492e+00
1.253132832080200432e-01,7.868152570697344306e-01,1.573630514139468861e+00,2.360445771209203070e+00,3.147261028278937722e+00,3.934076285348671487e+00
1.503759398496240518e-01,8.567642430792985486e-01,1.713528486158597097e+00,2.570292729237895202e+00,3.427056972317194194e+00,4.283821215396492299e+00
1.754385964912280604e-01,9.112811483545245617e-01,1.822562296709049123e+00,2.733843445063572908e+00,3.645124593418098247e+00,4.556405741772622697e+00
2.005012531328320691e-01,9.537840533107333485e-01,1.907568106621466697e+00,2.861352159932199601e+00,3.815136213242933394e+00,4.768920266553666742e+00
2.255639097744360777e-01,9.869339619290437016e-01,1.973867923858087403e+00,2.960801885787131216e+00,3.947735847716174806e+00,4.934669809645219729e+00
2.506265664160400863e-01,1.012802487770681381e+00,2.025604975541362762e+00,3.038407463312044143e+00,4.051209951082725524e+00,5.064012438853406017e+00
2.756892230576440950e-01,1.033002398989116610e+00,2.066004797978233221e+00,3.099007196967349387e+00,4.132009595956466441e+00,5.165011994945583496e+00
3.007518796992481036e-01,1.048789248744428804e+00,2.097578497488857607e+00,3.146367746233285967e+00,4.195156994977715215e+00,5.243946243722144018e+00
3.258145363408521122e-01,1.061140495349704116e+00,2.122280990699408232e+00,3.183421486049111682e+00,4.244561981398816464e+00,5.305702476748519913e+00
3.508771929824561209e-01,1.070817097977495136e+00,2.141634195954990272e+00,3.212451293932485186e+00,4.283268391909980544e+00,5.354085489887475902e+00
3.759398496240601295e-01,1.078411469437818182e+00,2.156822938875636364e+00,3.235234408313453880e+00,4.313645877751272728e+00,5.392057347189091132e+00
4.010025062656641381e-01,1.084384807818692620e+00,2.168769615637385240e+00,3.253154423456077637e+00,4.337539231274770479e+00,5.421924039093462433e+00
4.260651629072681468e-01,1.089096159480109849e+00,2.178192318960219698e+00,3.267288478440329769e+00,4.356384637920439395e+00,5.445480797400549910e+00
4.511278195488721554e-01,1.092825044836158943e+00,2.185650089672317886e+00,3.278475134508475719e+00,4.371300179344635772e+00,5.464125224180793161e+00
4.761904761904761640e-01,1.095789072713166279e+00,2.191578145426332558e+00,3.287367218139498171e+00,4.383156290852665116e+00,5.478945363565830284e+00
5.012531328320801727e-01,1.098157653272046952e+00,2.196315306544093904e+00,3.294472959816140634e+00,4.392630613088187808e+00,5.490788266360235426e+00
5.263157894736841813e-01,1.100062673630197052e+00,2.200125347260394104e+00,3.300188020890590490e+00,4.400250694520788208e+00,5.500313368150986371e+00
5.513784461152881899e-01,1.101606808919687763e+00,2.203213617839375527e+00,3.304820426759063512e+00,4.406427235678751053e+00,5.508034044598439927e+00
5.764411027568921986e-01,1.102869992513050734e+00,2.205739985026101468e+00,3.308609977539151981e+00,4.411479970052202937e+00,5.514349962565254337e+00
6.015037593984962072e-01,1.103914453145867558e+00,2.207828906291735116e+00,3.311743359437601786e+00,4.415657812583470232e+00,5.519572265729337346e+00
6.265664160401002158e-01,1.104788636356811793e+00,2.209577272713623586e+00,3.314365909070435823e+00,4.419154545427247172e+00,5.523943181784059853e+00
6.516290726817042245e-01,1.105530257359744750e+00,2.211060514719489500e+00,3.316590772079234029e+00,4.422121029438979001e+00,5.527651286798723973e+00
6.766917293233082331e-01,1.106168677728646799e+00,2.212337355457293597e+00,3.318506033185939952e+00,4.424674710914587195e+00,5.530843388643233993e+00
7.017543859649122417e-01,1.106726755665409456e+00,2.213453511330818912e+00,3.320180266996228369e+00,4.426907022661637825e+00,5.533633778327048169e+00
7.268170426065162504e-01,1.107222286447679727e+00,2.214444572895359453e+00,3.321666859343039402e+00,4.428889145790718906e+00,5.536111432238399743e+00
7.518796992481202590e-01,1.107669123828623148e+00,2.215338247657246296e+00,3.323007371485869221e+00,4.430676495314492591e+00,5.538345619143115961e+00
7.769423558897242676e-01,1.108078053055234991e+00,2.216156106110469981e+00,3.324234159165705638e+00,4.432312212220939962e+00,5.540390265276176507e+00
8.020050125313282763e-01,1.108457470519753851e+00,2.216914941039507703e+00,3.325372411559261554e+00,4.433829882079015405e+00,5.542287352598769701e+00
8.270676691729322849e-01,1.108813912873424901e+00,2.217627825746849801e+00,3.326441738620274258e+00,4.435255651493699602e+00,5.544069564367124059e+00
8.521303258145362935e-01,1.109152468945550307e+00,2.218304937891100614e+00,3.327457406836650478e+00,4.436609875782201229e+00,5.545762344727751980e+00
8.771929824561403022e-01,1.109477100425547258e+00,2.218954200851094516e+00,3.328431301276641552e+00,4.437908401702189032e+00,5.547385502127736068e+00
9.022556390977443108e-01,1.109790891516308164e+00,2.219581783032616329e+00,3.329372674548923605e+00,4.439163566065232658e+00,5.548954457581540822e+00
9.273182957393483195e-01,1.110096243291187168e+00,2.220192486582374336e+00,3.330288729873561504e+00,4.440384973164748672e+00,5.550481216455937172e+00
9.523809523809523281e-01,1.110395025002335556e+00,2.220790050004671112e+00,3.331185075007006446e+00,4.441580100009342225e+00,5.551975125011678003e+00
9.774436090225563367e-01,1.110688691875344025e+00,2.221377383750688050e+00,3.332066075626031854e+00,4.442754767501376101e+00,5.553443459376719460e+00
1.002506265664160345e+00,1.110978376813220647e+00,2.221956753626441294e+00,3.332935130439662608e+00,4.443913507252882589e+00,5.554891884066104346e+00
1.027568922305764243e+00,1.111264961788601680e+00,2.222529923577203359e+00,3.333794885365804817e+00,4.445059847154406718e+00,5.556324808943008620e+00
1.052631578947368363e+00,1.111549133423090696e+00,2.223098266846181392e+00,3.334647400269271422e+00,4.446196533692362785e+00,5.557745667115453259e+00
1.077694235588972482e+00,1.111831426256171262e+00,2.223662852512342525e+00,3.335494278768512899e+00,4.447325705024685050e+00,5.559157131280855424e+00
1.102756892230576380e+00,1.112112256430360713e+00,2.224224512860721426e+00,3.336336769291082138e+00,4.448449025721442851e+00,5.560561282151804896e+00
1.127819548872180277e+00,1.112391947915335910e+00,2.224783895830671820e+00,3.337175843746007509e+00,4.449567791661343641e+00,5.561959739576680661e+00
1.152882205513784397e+00,1.112670752923597517e+00,2.225341505847195034e+00,3.338012258770792773e+00,4.450683011694390068e+00,5.563353764617987807e+00
1.177944862155388517e+00,1.112948867804205655e+00,2.225897735608411310e+00,3.338846603412616521e+00,4.451795471216822619e+00,5.564744339021028274e+00
1.203007518796992414e+00,1.113226445416162003e+00,2.226452890832324005e+00,3.339679336248485786e+00,4.452905781664648011e+00,5.566132227080810679e+00
1.228070175438596312e+00,1.113503604761172383e+00,2.227007209522344766e+00,3.340510814283516705e+00,4.454014419044689532e+00,5.567518023805861027e+00
1.253132832080200432e+00,1.113780438482814938e+00,2.227560876965629877e+00,3.341341315448444149e+00,4.455121753931259754e+00,5.568902192414073582e+00
1.278195488721804551e+00,1.114057018704696311e+00,2.228114037409392623e+00,3.342171056114088934e+00,4.456228074818785245e+00,5.570285093523480668e+00
1.303258145363408449e+00,1.114333401575492211e+00,2.228666803150984421e+00,3.343000204726476632e+00,4.457333606301968842e+00,5.571667007877461941e+00
1.328320802005012347e+00,1.114609630807293916e+00,2.229219261614587833e+00,3.343828892421881527e+00,4.458438523229175665e+00,5.573048154036469803e+00
1.353383458646616466e+00,1.114885740430231031e+00,2.229771480860462063e+00,3.344657221290692206e+00,4.459542961720924126e+00,5.574428702151154269e+00
1.378446115288220586e+00,1.115161756936966064e+00,2.230323513873932129e+00,3.345485270810898637e+00,4.460647027747864257e+00,5.575808784684832098e+00
1.403508771929824483e+00,1.115437700952198075e+00,2.230875401904396149e+00,3.346313102856593780e+00,4.461750803808792298e+00,5.577188504760989929e+00
1.428571428571428381e+00,1.115713588532376122e+00,2.231427177064752243e+00,3.347140765597128365e+00,4.462854354129504486e+00,5.578567942661881496e+00
1.453634085213032501e+00,1.115989432177542984e+00,2.231978864355085967e+00,3.347968296532628951e+00,4.463957728710171935e+00,5.579947160887715363e+00
1.478696741854636620e+00,1.116265241619054160e+00,2.232530483238108321e+00,3.348795724857162259e+00,4.465060966476216642e+00,5.581326208095271468e+00
1.503759398496240518e+00,1.116541024432827767e+00,2.233082048865655533e+00,3.349623073298483078e+00,4.466164097731311067e+00,5.582705122164138167e+00
1.528822055137844416e+00,1.116816786516758642e+00,2.233633573033517283e+00,3.350450359550276147e+00,4.467267146067034567e+00,5.584083932583793874e+00
1.553884711779448535e+00,1.117092532462393040e+00,2.234185064924786079e+00,3.351277597387179341e+00,4.468370129849572159e+00,5.585462662311965865e+00
1.578947368421052655e+00,1.117368265844275177e+00,2.234736531688550354e+00,3.352104797532825309e+00,4.469473063377100708e+00,5.586841329221376107e+00
1.604010025062656553e+00,1.117643989445207708e+00,2.235287978890415417e+00,3.352931968335623569e+00,4.470575957780830834e+00,5.588219947226039430e+00
1.629072681704260450e+00,1.117919705431619004e+00,2.235839410863238008e+00,3.353759116294856124e+00,4.471678821726476016e+00,5.589598527158094576e+00
1.654135338345864570e+00,1.118195415490084166e+00,2.236390830980168332e+00,3.354586246470251609e+00,4.472781661960336663e+00,5.590977077450419941e+00
1.679197994987468689e+00,1.118471120933612006e+00,2.236942241867224013e+00,3.355413362800835575e+00,4.473884483734448025e+00,5.592355604668060032e+00
1.704260651629072587e+00,1.118746822784387307e+00,2.237493645568774614e+00,3.356240468353161699e+00,4.474987291137549228e+00,5.593734113921937201e+00
1.729323308270676485e+00,1.119022521838185957e+00,2.238045043676371915e+00,3.357067565514558094e+00,4.476090087352743829e+00,5.595112609190930897e+00
1.754385964912280604e+00,1.119298218714523951e+00,2.238596437429047903e+00,3.357894656143571854e+00,4.477192874858095806e+00,5.596491093572621089e+00
1.779448621553884724e+00,1.119573913895697936e+00,2.239147827791395873e+00,3.358721741687093143e+00,4.478295655582791746e+00,5.597869569478489460e+00
1.804511278195488622e+00,1.119849607757178012e+00,2.239699215514356023e+00,3.359548823271532925e+00,4.479398431028712046e+00,5.599248038785889392e+00
1.829573934837092519e+00,1.120125300591269246e+00,2.240250601182538492e+00,3.360375901773807072e+00,4.480501202365076985e+00,5.600626502956346897e+00
1.854636591478696639e+00,1.120400992625533831e+00,2.240801985251067663e+00,3.361202977876601050e+00,4.481603970502135326e+00,5.602004963127669157e+00
1.879699248120300759e+00,1.120676684037129389e+00,2.241353368074258778e+00,3.362030052111387946e+00,4.482706736148517557e+00,5.603383420185647168e+00
1.904761904761904656e+00,1.120952374963973819e+00,2.241904749927947638e+00,3.362857124891921234e+00,4.483809499855895275e+00,5.604761874819868872e+00
1.929824561403508554e+00,1.121228065513437455e+00,2.242456131026874910e+00,3.363684196540312588e+00,4.484912262053749821e+00,5.606140327567188386e+00
1.954887218045112673e+00,1.121503755769108102e+00,2.243007511538216203e+00,3.364511267307324083e+00,4.486015023076432406e+00,5.607518778845540730e+00
1.979949874686716793e+00,1.121779445796059926e+00,2.243558891592119853e+00,3.365338337388179113e+00,4.487117783184239705e+00,5.608897228980299410e+00
2.005012531328320691e+00,1.122055135644952184e+00,2.244110271289904368e+00,3.366165406934856996e+00,4.488220542579808736e+00,5.610275678224761364e+00
2.030075187969924588e+00,1.122330825355225326e+00,2.244661650710450651e+00,3.366992476065675088e+00,4.489323301420901302e+00,5.611654126776127072e+00
2.055137844611528486e+00,1.122606514957582347e+00,2.245213029915164693e+00,3.367819544872745929e+00,4.490426059830329386e+00,5.613032574787911066e+00
2.080200501253132828e+00,1.122882204475925683e+00,2.245764408951851365e+00,3.368646613427776604e+00,4.491528817903702731e+00,5.614411022379629301e+00
2.105263157894736725e+00,1.123157893928865114e+00,2.246315787857730228e+00,3.369473681786594899e+00,4.492631575715460457e+00,5.615789469644325571e+00
2.130325814536340623e+00,1.123433583330886165e+00,2.246867166661772330e+00,3.370300749992658940e+00,4.493734333323544661e+00,5.617167916654432602e+00
2.155388471177944965e+00,1.123709272693268257e+00,2.247418545386536515e+00,3.371127818079804328e+00,4.494837090773073029e+00,5.618546363466340843e+00
2.180451127819548862e+00,1.123984962024790146e+00,2.247969924049580293e+00,3.371954886074369995e+00,4.495939848099160585e+00,5.619924810123949399e+00
2.205513784461152760e+00,1.124260651332287475e+00,2.248521302664574950e+00,3.372781953996862203e+00,4.497042605329149900e+00,5.621303256661437153e+00
2.230576441102756657e+00,1.124536340621082209e+00,2.249072681242164418e+00,3.373609021863245516e+00,4.498145362484328835e+00,5.622681703105409490e+00
2.255639097744360555e+00,1.124812029895315924e+00,2.249624059790631847e+00,3.374436089685947326e+00,4.499248119581263694e+00,5.624060149476578729e+00
2.280701754385964897e+00,1.125087719158214705e+00,2.250175438316429410e+00,3.375263157474643450e+00,4.500350876632858821e+00,5.625438595791072416e+00
2.305764411027568794e+00,1.125363408412288546e+00,2.250726816824577092e+00,3.376090225236865194e+00,4.501453633649154185e+00,5.626817042061443175e+00
2.330827067669172692e+00,1.125639097659492771e+00,2.251278195318985542e+00,3.376917292978478091e+00,4.502556390637971084e+00,5.628195488297463633e+00
2.355889724310777034e+00,1.125914786901348164e+00,2.251829573802696327e+00,3.377744360704044713e+00,4.503659147605392654e+00,5.629573934506741928e+00
2.380952380952380931e+00,1.126190476139040220e+00,2.252380952278080439e+00,3.378571428417119993e+00,4.504761904556160879e+00,5.630952380695201320e+00
2.406015037593984829e+00,1.126466165373490647e+00,2.252932330746981293e+00,3.379398496120472384e+00,4.505864661493962586e+00,5.632330826867454121e+00
2.431077694235588726e+00,1.126741854605417759e+00,2.253483709210835517e+00,3.380225563816253054e+00,4.506967418421671034e+00,5.633709273027089459e+00
2.456140350877192624e+00,1.127017543835380442e+00,2.254035087670760884e+00,3.381052631506141104e+00,4.508070175341521768e+00,5.635087719176902432e+00
2.481203007518796966e+00,1.127293233063813460e+00,2.254586466127626920e+00,3.381879699191440380e+00,4.509172932255253841e+00,5.636466165319067301e+00
2.506265664160400863e+00,1.127568922291055875e+00,2.255137844582111750e+00,3.382706766873166959e+00,4.510275689164223500e+00,5.637844611455278709e+00
2.531328320802004761e+00,1.127844611517371476e+00,2.255689223034742952e+00,3.383533834552114872e+00,4.511378446069485904e+00,5.639223057586857379e+00
2.556390977443609103e+00,1.128120300742965210e+00,2.256240601485930419e+00,3.384360902228895185e+00,4.512481202971860839e+00,5.640601503714827381e+00
2.581453634085213000e+00,1.128395989967997615e+00,2.256791979935995229e+00,3.385187969903992844e+00,4.513583959871990459e+00,5.641979949839988073e+00
2.606516290726816898e+00,1.128671679192592592e+00,2.257343358385185184e+00,3.386015037577776887e+00,4.514686716770370367e+00,5.643358395962962071e+00
2.631578947368420796e+00,1.128947368416846952e+00,2.257894736833693905e+00,3.386842105250540413e+00,4.515789473667387810e+00,5.644736842084234318e+00
2.656641604010024693e+00,1.129223057640835748e+00,2.258446115281671496e+00,3.387669172922507688e+00,4.516892230563342991e+00,5.646115288204180516e+00
2.681704260651629035e+00,1.129498746864618486e+00,2.258997493729236972e+00,3.388496240593855902e+00,4.517994987458473943e+00,5.647493734323093761e+00
2.706766917293232932e+00,1.129774436088241130e+00,2.259548872176482259e+00,3.389323308264723167e+00,4.519097744352964519e+00,5.648872180441205870e+00
2.731829573934836830e+00,1.130050125311738318e+00,2.260100250623476636e+00,3.390150375935214733e+00,4.520200501246953273e+00,5.650250626558691813e+00
2.756892230576441172e+00,1.130325814535138251e+00,2.260651629070276503e+00,3.390977443605414532e+00,4.521303258140553005e+00,5.651629072675691923e+00
2.781954887218045069e+00,1.130601503758462245e+00,2.261203007516924490e+00,3.391804511275386069e+00,4.522406015033848981e+00,5.653007518792311004e+00
2.807017543859648967e+00,1.130877192981727397e+00,2.261754385963454794e+00,3.392631578945181747e+00,4.523508771926909589e+00,5.654385964908636986e+00
2.832080200501252865e+00,1.131152882204946364e+00,2.262305764409892728e+00,3.393458646614838869e+00,4.524611528819785455e+00,5.655764411024732041e+00
2.857142857142856762e+00,1.131428571428129581e+00,2.262857142856259163e+00,3.394285714284388522e+00,4.525714285712518326e+00,5.657142857140647685e+00
2.882205513784461104e+00,1.131704260651285265e+00,2.263408521302570531e+00,3.395112781953856018e+00,4.526817042605141062e+00,5.658521303256426549e+00
2.907268170426065002e+00,1.131979949874418967e+00,2.263959899748837934e+00,3.395939849623256457e+00,4.527919799497675868e+00,5.659899749372095279e+00
2.932330827067668899e+00,1.132255639097536015e+00,2.264511278195072030e+00,3.396766917292608046e+00,4.529022556390144061e+00,5.661278195487681408e+00
2.957393483709273241e+00,1.132531328320639741e+00,2.265062656641279482e+00,3.397593984961918778e+00,4.530125313282558963e+00,5.662656641603199148e+00
2.982456140350877138e+00,1.132807017543733696e+00,2.265614035087467393e+00,3.398421052631200645e+00,4.531228070174934786e+00,5.664035087718668038e+00
3.007518796992481036e+00,1.133082706766818992e+00,2.266165413533637985e+00,3.399248120300456755e+00,4.532330827067275969e+00,5.665413533834094295e+00
3.032581453634084934e+00,1.133358395989898515e+00,2.266716791979797030e+00,3.400075187969694657e+00,4.533433583959594060e+00,5.666791979949492131e+00
3.057644110275688831e+00,1.133634085212973153e+00,2.267268170425946305e+00,3.400902255638919236e+00,4.534536340851892611e+00,5.668170426064865097e+00
3.082706766917293173e+00,1.133909774436043794e+00,2.267819548872087587e+00,3.401729323308131381e+00,4.535639097744175174e+00,5.669548872180218524e+00
3.107769423558897071e+00,1.134185463659111770e+00,2.268370927318223540e+00,3.402556390977335532e+00,4.536741854636447080e+00,5.670927318295559516e+00
3.132832080200500968e+00,1.134461152882177526e+00,2.268922305764355052e+00,3.403383458646532578e+00,4.537844611528710104e+00,5.672305764410888074e+00
3.157894736842105310e+00,1.134736842105241283e+00,2.269473684210482567e+00,3.404210526315723850e+00,4.538947368420965134e+00,5.673684210526207750e+00
3.182957393483709208e+00,1.135012531328303931e+00,2.270025062656607862e+00,3.405037593984911126e+00,4.540050125313215723e+00,5.675062656641519432e+00
3.208020050125313105e+00,1.135288220551365246e+00,2.270576441102730492e+00,3.405864661654094849e+00,4.541152882205460983e+00,5.676441102756826673e+00
3.233082706766917003e+00,1.135563909774425895e+00,2.271127819548851789e+00,3.406691729323277240e+00,4.542255639097703579e+00,5.677819548872128586e+00
3.258145363408520900e+00,1.135839598997485655e+00,2.271679197994971311e+00,3.407518796992456966e+00,4.543358395989942622e+00,5.679197994987428721e+00
3.283208020050125242e+00,1.136115288220545416e+00,2.272230576441090832e+00,3.408345864661635360e+00,4.544461152882181665e+00,5.680576441102726193e+00
3.308270676691729140e+00,1.136390977443604067e+00,2.272781954887208133e+00,3.409172932330811978e+00,4.545563909774416267e+00,5.681954887218021888e+00
3.333333333333333037e+00,1.136666666666662939e+00,2.273333333333325879e+00,3.409999999999989040e+00,4.546666666666651757e+00,5.683333333333315807e+00
3.358395989974937379e+00,1.136942355889721590e+00,2.273884711779443180e+00,3.410827067669164325e+00,4.547769423558886359e+00,5.684711779448607061e+00
3.383458646616541277e+00,1.137218045112779796e+00,2.274436090225559592e+00,3.411654135338338723e+00,4.548872180451119185e+00,5.686090225563897427e+00
3.408521303258145174e+00,1.137493734335837781e+00,2.274987468671675561e+00,3.412481203007513120e+00,4.549974937343351122e+00,5.687468671679189569e+00
3.433583959899749072e+00,1.137769423558895987e+00,2.275538847117791974e+00,3.413308270676687517e+00,4.551077694235583948e+00,5.688847117794479047e+00
3.458646616541352969e+00,1.138045112781953971e+00,2.276090225563907943e+00,3.414135338345861470e+00,4.552180451127815886e+00,5.690225563909769413e+00
3.483709273182957311e+00,1.138320802005011512e+00,2.276641604010023023e+00,3.414962406015034535e+00,4.553283208020046047e+00,5.691604010025058002e+00
3.508771929824561209e+00,1.138596491228069718e+00,2.277192982456139436e+00,3.415789473684209376e+00,4.554385964912278872e+00,5.692982456140348368e+00
3.533834586466165106e+00,1.138872180451127480e+00,2.277744360902254961e+00,3.416616541353381997e+00,4.555488721804509922e+00,5.694360902255636958e+00
3.558897243107769448e+00,1.139147869674185021e+00,2.278295739348370041e+00,3.417443609022554618e+00,4.556591478696740083e+00,5.695739348370925548e+00
3.583959899749373346e+00,1.139423558897243005e+00,2.278847117794486010e+00,3.418270676691728571e+00,4.557694235588972020e+00,5.697117794486215026e+00
3.609022556390977243e+00,1.139699248120300545e+00,2.279398496240601091e+00,3.419097744360901192e+00,4.558796992481202182e+00,5.698496240601502727e+00
3.634085213032581141e+00,1.139974937343358308e+00,2.279949874686716615e+00,3.419924812030075145e+00,4.559899749373433231e+00,5.699874686716791317e+00
3.659147869674185038e+00,1.140250626566415848e+00,2.280501253132831696e+00,3.420751879699247766e+00,4.561002506265663392e+00,5.701253132832079018e+00
3.684210526315789380e+00,1.140526315789473388e+00,2.281052631578946777e+00,3.421578947368419943e+00,4.562105263157893553e+00,5.702631578947366719e+00
3.709273182957393278e+00,1.140802005012531151e+00,2.281604010025062301e+00,3.422406015037593896e+00,4.563208020050124603e+00,5.704010025062656197e+00
3.734335839598997175e+00,1.141077694235588913e+00,2.282155388471177826e+00,3.423233082706766073e+00,4.564310776942355652e+00,5.705388471177944787e+00
3.759398496240601517e+00,1.141353383458646675e+00,2.282706766917293351e+00,3.424060150375940026e+00,4.565413533834586701e+00,5.706766917293234265e+00
3.784461152882205415e+00,1.141629072681704216e+00,2.283258145363408431e+00,3.424887218045112647e+00,4.566516290726816862e+00,5.708145363408521966e+00
3.809523809523809312e+00,1.141904761904762200e+00,2.283809523809524400e+00,3.425714285714285712e+00,4.567619047619048800e+00,5.709523809523810556e+00
3.834586466165413210e+00,1.142180451127819518e+00,2.284360902255639036e+00,3.426541353383458777e+00,4.568721804511278073e+00,5.710902255639098257e+00
3.859649122807017108e+00,1.142456140350877281e+00,2.284912280701754561e+00,3.427368421052631398e+00,4.569824561403509122e+00,5.712280701754385959e+00
3.884711779448621449e+00,1.142731829573934821e+00,2.285463659147869642e+00,3.428195488721804463e+00,4.570927318295739283e+00,5.713659147869675436e+00
3.909774436090225347e+00,1.143007518796992583e+00,2.286015037593985166e+00,3.429022556390977083e+00,4.572030075187970333e+00,5.715037593984963138e+00
3.934837092731829244e+00,1.143283208020050346e+00,2.286566416040100691e+00,3.429849624060150148e+00,4.573132832080201382e+00,5.716416040100251728e+00
3.959899749373433586e+00,1.143558897243107664e+00,2.287117794486215328e+00,3.430676691729323213e+00,4.574235588972430655e+00,5.717794486215539429e+00
3.984962406015037484e+00,1.143834586466165648e+00,2.287669172932331296e+00,3.431503759398496722e+00,4.575338345864662593e+00,5.719172932330828019e+00
4.010025062656641381e+00,1.144110275689222966e+00,2.288220551378445933e+00,3.432330827067668899e+00,4.576441102756891866e+00,5.720551378446115720e+00
4.035087719298245723e+00,1.144385964912280729e+00,2.288771929824561457e+00,3.433157894736841964e+00,4.577543859649122915e+00,5.721929824561403422e+00
4.060150375939849177e+00,1.144661654135338491e+00,2.289323308270676982e+00,3.433984962406015473e+00,4.578646616541353964e+00,5.723308270676692899e+00
4.085213032581453518e+00,1.144937343358396031e+00,2.289874686716792063e+00,3.434812030075187650e+00,4.579749373433584125e+00,5.724686716791980601e+00
4.110275689223056972e+00,1.145213032581453794e+00,2.290426065162907587e+00,3.435639097744361159e+00,4.580852130325815175e+00,5.726065162907269190e+00
4.135338345864661314e+00,1.145488721804511334e+00,2.290977443609022668e+00,3.436466165413533780e+00,4.581954887218045336e+00,5.727443609022556892e+00
4.160401002506265655e+00,1.145764411027569096e+00,2.291528822055138193e+00,3.437293233082706845e+00,4.583057644110276385e+00,5.728822055137845481e+00
4.185463659147869109e+00,1.146040100250626637e+00,2.292080200501253273e+00,3.438120300751879910e+00,4.584160401002506546e+00,5.730200501253133183e+00
4.210526315789473450e+00,1.146315789473684177e+00,2.292631578947368354e+00,3.438947368421052087e+00,4.585263157894736707e+00,5.731578947368420884e+00
4.235588972431077792e+00,1.146591478696741939e+00,2.293182957393483878e+00,3.439774436090225596e+00,4.586365914786967757e+00,5.732957393483710362e+00
4.260651629072681246e+00,1.146867167919799479e+00,2.293734335839598959e+00,3.440601503759398216e+00,4.587468671679197918e+00,5.734335839598998064e+00
4.285714285714285587e+00,1.147142857142857242e+00,2.294285714285714484e+00,3.441428571428571725e+00,4.588571428571428967e+00,5.735714285714286653e+00
4.310776942355889929e+00,1.147418546365914782e+00,2.294837092731829564e+00,3.442255639097744346e+00,4.589674185463659128e+00,5.737092731829574355e+00
4.335839598997493383e+00,1.147694235588972766e+00,2.295388471177945533e+00,3.443082706766917855e+00,4.590776942355891066e+00,5.738471177944862944e+00
4.360902255639097724e+00,1.147969924812030085e+00,2.295939849624060169e+00,3.443909774436090032e+00,4.591879699248120339e+00,5.739849624060150646e+00
4.385964912280701178e+00,1.148245614035087847e+00,2.296491228070175694e+00,3.444736842105263097e+00,4.592982456140351388e+00,5.741228070175438347e+00
4.411027568922305520e+00,1.148521303258145387e+00,2.297042606516290775e+00,3.445563909774436162e+00,4.594085213032581549e+00,5.742606516290727825e+00
4.436090225563909861e+00,1.148796992481202928e+00,2.297593984962405855e+00,3.446390977443608783e+00,4.595187969924811711e+00,5.743984962406015526e+00
4.461152882205513315e+00,1.149072681704260912e+00,2.298145363408521824e+00,3.447218045112782292e+00,4.596290726817043648e+00,5.745363408521304116e+00
4.486215538847117656e+00,1.149348370927318230e+00,2.298696741854636461e+00,3.448045112781954469e+00,4.597393483709272921e+00,5.746741854636591817e+00
4.511278195488721110e+00,1.149624060150375993e+00,2.299248120300751985e+00,3.448872180451127534e+00,4.598496240601503970e+00,5.748120300751879519e+00
4.536340852130325452e+00,1.149899749373433755e+00,2.299799498746867510e+00,3.449699248120301043e+00,4.599598997493735020e+00,5.749498746867168109e+00
4.561403508771929793e+00,1.150175438596491073e+00,2.300350877192982146e+00,3.450526315789473220e+00,4.600701754385964293e+00,5.750877192982455810e+00
4.586466165413533247e+00,1.150451127819549058e+00,2.300902255639098115e+00,3.451353383458646729e+00,4.601804511278196230e+00,5.752255639097745288e+00
4.611528822055137589e+00,1.150726817042606376e+00,2.301453634085212752e+00,3.452180451127819349e+00,4.602907268170425503e+00,5.753634085213032101e+00
4.636591478696741930e+00,1.151002506265664360e+00,2.302005012531328720e+00,3.453007518796992859e+00,4.604010025062657441e+00,5.755012531328321579e+00
4.661654135338345384e+00,1.151278195488721900e+00,2.302556390977443801e+00,3.453834586466165479e+00,4.605112781954887602e+00,5.756390977443609280e+00
4.686716791979949726e+00,1.151553884711779441e+00,2.303107769423558882e+00,3.454661654135337656e+00,4.606215538847117763e+00,5.757769423558896982e+00
4.711779448621554067e+00,1.151829573934837203e+00,2.303659147869674406e+00,3.455488721804511165e+00,4.607318295739348812e+00,5.759147869674185571e+00
4.736842105263157521e+00,1.152105263157894521e+00,2.304210526315789043e+00,3.456315789473684230e+00,4.608421052631578085e+00,5.760526315789474161e+00
4.761904761904761862e+00,1.152380952380952506e+00,2.304761904761905011e+00,3.457142857142857295e+00,4.609523809523810023e+00,5.761904761904762751e+00
4.786967418546365316e+00,1.152656641604010046e+00,2.305313283208020092e+00,3.457969924812029916e+00,4.610626566416040184e+00,5.763283208020050452e+00
4.812030075187969658e+00,1.152932330827067808e+00,2.305864661654135617e+00,3.458796992481203425e+00,4.611729323308271233e+00,5.764661654135339930e+00
4.837092731829573999e+00,1.153208020050125349e+00,2.306416040100250697e+00,3.459624060150375602e+00,4.612832080200501395e+00,5.766040100250627631e+00
4.862155388471177453e+00,1.153483709273183111e+00,2.306967418546366222e+00,3.460451127819548667e+00,4.613934837092732444e+00,5.767418546365915333e+00
4.887218045112781795e+00,1.153759398496240651e+00,2.307518796992481303e+00,3.461278195488721732e+00,4.615037593984962605e+00,5.768796992481203922e+00
4.912280701754385248e+00,1.154035087719298192e+00,2.308070175438596383e+00,3.462105263157894353e+00,4.616140350877192766e+00,5.770175438596491624e+00
4.937343358395989590e+00,1.154310776942356176e+00,2.308621553884712352e+00,3.462932330827067862e+00,4.617243107769424704e+00,5.771553884711780213e+00
4.962406015037593932e+00,1.154586466165413494e+00,2.309172932330826988e+00,3.463759398496240483e+00,4.618345864661653977e+00,5.772932330827067915e+00
4.987468671679197385e+00,1.154862155388471479e+00,2.309724310776942957e+00,3.464586466165413992e+00,4.619448621553885914e+00,5.774310776942357393e+00
5.012531328320801727e+00,1.155137844611528797e+00,2.310275689223057594e+00,3.465413533834586612e+00,4.620551378446115187e+00,5.775689223057645094e+00
5.037593984962406068e+00,1.155413533834586337e+00,2.310827067669172674e+00,3.466240601503758789e+00,4.621654135338345348e+00,5.777067669172932796e+00
5.062656641604009522e+00,1.155689223057644321e+00,2.311378446115288643e+00,3.467067669172932298e+00,4.622756892230577286e+00,5.778446115288221385e+00
5.087719298245613864e+00,1.155964912280701640e+00,2.311929824561403279e+00,3.467894736842104919e+00,4.623859649122806559e+00,5.779824561403509087e+00
5.112781954887218205e+00,1.156240601503759624e+00,2.312481203007519248e+00,3.468721804511278428e+00,4.624962406015038496e+00,5.781203007518797676e+00
5.137844611528821659e+00,1.156516290726816942e+00,2.313032581453633885e+00,3.469548872180451049e+00,4.626065162907267769e+00,5.782581453634085378e+00
5.162907268170426001e+00,1.156791979949874927e+00,2.313583959899749853e+00,3.470375939849624114e+00,4.627167919799499707e+00,5.783959899749374856e+00
5.187969924812029454e+00,1.157067669172932467e+00,2.314135338345864934e+00,3.471203007518797179e+00,4.628270676691729868e+00,5.785338345864662557e+00
5.213032581453633796e+00,1.157343358395989785e+00,2.314686716791979570e+00,3.472030075187969800e+00,4.629373433583959141e+00,5.786716791979950258e+00
5.238095238095238138e+00,1.157619047619047770e+00,2.315238095238095539e+00,3.472857142857142865e+00,4.630476190476191078e+00,5.788095238095238848e+00
5.263157894736841591e+00,1.157894736842105310e+00,2.315789473684210620e+00,3.473684210526315486e+00,4.631578947368421240e+00,5.789473684210526550e+00
5.288220551378445933e+00,1.158170426065163072e+00,2.316340852130326144e+00,3.474511278195488995e+00,4.632681704260652289e+00,5.790852130325815139e+00
5.313283208020049386e+00,1.158446115288220613e+00,2.316892230576441225e+00,3.475338345864661616e+00,4.633784461152882450e+00,5.792230576441102841e+00
5.338345864661653728e+00,1.158721804511278375e+00,2.317443609022556750e+00,3.476165413533835125e+00,4.634887218045113499e+00,5.793609022556392318e+00
5.363408521303258070e+00,1.158997493734335915e+00,2.317994987468671830e+00,3.476992481203007301e+00,4.635989974937343661e+00,5.794987468671680020e+00
5.388471177944861523e+00,1.159273182957393455e+00,2.318546365914786911e+00,3.477819548872179922e+00,4.637092731829573822e+00,5.796365914786967721e+00
5.413533834586465865e+00,1.159548872180451218e+00,2.319097744360902436e+00,3.478646616541353431e+00,4.638195488721804871e+00,5.797744360902256311e+00
5.438596491228070207e+00,1.159824561403508758e+00,2.319649122807017516e+00,3.479473684210526052e+00,4.639298245614035032e+00,5.799122807017544012e+00
5.463659147869673660e+00,1.160100250626566742e+00,2.320200501253133485e+00,3.480300751879699561e+00,4.640401002506266970e+00,5.800501253132832602e+00
5.488721804511278002e+00,1.160375939849624061e+00,2.320751879699248121e+00,3.481127819548872182e+00,4.641503759398496243e+00,5.801879699248120303e+00
5.513784461152882344e+00,1.160651629072681823e+00,2.321303258145363646e+00,3.481954887218045247e+00,4.642606516290727292e+00,5.803258145363409781e+00
5.538847117794485797e+00,1.160927318295739363e+00,2.321854636591478727e+00,3.482781954887218312e+00,4.643709273182957453e+00,5.804636591478697483e+00
5.563909774436090139e+00,1.161203007518796904e+00,2.322406015037593807e+00,3.483609022556390489e+00,4.644812030075187614e+00,5.806015037593985184e+00
5.588972431077693592e+00,1.161478696741854888e+00,2.322957393483709776e+00,3.484436090225563998e+00,4.645914786967419552e+00,5.807393483709273774e+00
5.614035087719297934e+00,1.161754385964912206e+00,2.323508771929824412e+00,3.485263157894736619e+00,4.647017543859648825e+00,5.808771929824561475e+00
5.639097744360902276e+00,1.162030075187970191e+00,2.324060150375940381e+00,3.486090225563909684e+00,4.648120300751880762e+00,5.810150375939850065e+00
5.664160401002505729e+00,1.162305764411027731e+00,2.324611528822055462e+00,3.486917293233082749e+00,4.649223057644110924e+00,5.811528822055137766e+00
5.689223057644110071e+00,1.162581453634085049e+00,2.325162907268170098e+00,3.487744360902255369e+00,4.650325814536340197e+00,5.812907268170426356e+00
5.714285714285713524e+00,1.162857142857143034e+00,2.325714285714286067e+00,3.488571428571428434e+00,4.651428571428572134e+00,5.814285714285714946e+00
5.739348370927317866e+00,1.163132832080200352e+00,2.326265664160400704e+00,3.489398496240601055e+00,4.652531328320801407e+00,5.815664160401002647e+00
5.764411027568922208e+00,1.163408521303258336e+00,2.326817042606516672e+00,3.490225563909775008e+00,4.653634085213033345e+00,5.817042606516292125e+00
5.789473684210525661e+00,1.163684210526315876e+00,2.327368421052631753e+00,3.491052631578947185e+00,4.654736842105263506e+00,5.818421052631579826e+00
5.814536340852130003e+00,1.163959899749373639e+00,2.327919799498747278e+00,3.491879699248120694e+00,4.655839598997494555e+00,5.819799498746868416e+00
5.839598997493734345e+00,1.164235588972431179e+00,2.328471177944862358e+00,3.492706766917292871e+00,4.656942355889724716e+00,5.821177944862156117e+00
5.864661654135337798e+00,1.164511278195488497e+00,2.329022556390976995e+00,3.493533834586465936e+00,4.658045112781953989e+00,5.822556390977443819e+00
5.889724310776942140e+00,1.164786967418546482e+00,2.329573934837092963e+00,3.494360902255639445e+00,4.659147869674185927e+00,5.823934837092732408e+00
5.914786967418546482e+00,1.165062656641604022e+00,2.330125313283208044e+00,3.495187969924811622e+00,4.660250626566416088e+00,5.825313283208020110e+00
5.939849624060149935e+00,1.165338345864661784e+00,2.330676691729323569e+00,3.496015037593985131e+00,4.661353383458647137e+00,5.826691729323309588e+00
5.964912280701754277e+00,1.165614035087719325e+00,2.331228070175438649e+00,3.496842105263157752e+00,4.662456140350877298e+00,5.828070175438597289e+00
5.989974937343357730e+00,1.165889724310777087e+00,2.331779448621554174e+00,3.497669172932330817e+00,4.663558897243108348e+00,5.829448621553885879e+00
6.015037593984962072e+00,1.166165413533834627e+00,2.332330827067669254e+00,3.498496240601503882e+00,4.664661654135338509e+00,5.830827067669173580e+00
6.040100250626566414e+00,1.166441102756892167e+00,2.332882205513784335e+00,3.499323308270676058e+00,4.665764411027568670e+00,5.832205513784461282e+00
6.065162907268169867e+00,1.166716791979949930e+00,2.333433583959899860e+00,3.500150375939849567e+00,4.666867167919799719e+00,5.833583959899749871e+00
6.090225563909774209e+00,1.166992481203007470e+00,2.333984962406014940e+00,3.500977443609022632e+00,4.667969924812029880e+00,5.834962406015037573e+00
6.115288220551377663e+00,1.167268170426065454e+00,2.334536340852130909e+00,3.501804511278195697e+00,4.669072681704261818e+00,5.836340852130327050e+00
6.140350877192982004e+00,1.167543859649122773e+00,2.335087719298245545e+00,3.502631578947368318e+00,4.670175438596491091e+00,5.837719298245614752e+00
6.165413533834586346e+00,1.167819548872180535e+00,2.335639097744361070e+00,3.503458646616541827e+00,4.671278195488722140e+00,5.839097744360903341e+00
6.190476190476189799e+00,1.168095238095238297e+00,2.336190476190476595e+00,3.504285714285714004e+00,4.672380952380953190e+00,5.840476190476191043e+00
6.215538847117794141e+00,1.168370927318295616e+00,2.336741854636591231e+00,3.505112781954887069e+00,4.673483709273182463e+00,5.841854636591478744e+00
6.240601503759398483e+00,1.168646616541353600e+00,2.337293233082707200e+00,3.505939849624060578e+00,4.674586466165414400e+00,5.843233082706767334e+00
6.265664160401001936e+00,1.168922305764410918e+00,2.337844611528821837e+00,3.506766917293232755e+00,4.675689223057643673e+00,5.844611528822055035e+00
6.290726817042606278e+00,1.169197994987468903e+00,2.338395989974937805e+00,3.507593984962406264e+00,4.676791979949875611e+00,5.845989974937344513e+00
6.315789473684210620e+00,1.169473684210526443e+00,2.338947368421052886e+00,3.508421052631578441e+00,4.677894736842105772e+00,5.847368421052632215e+00
6.340852130325814073e+00,1.169749373433583983e+00,2.339498746867167966e+00,3.509248120300752394e+00,4.678997493734335933e+00,5.848746867167920804e+00
6.365914786967418415e+00,1.170025062656641746e+00,2.340050125313283491e+00,3.510075187969925015e+00,4.680100250626566982e+00,5.850125313283208506e+00
6.390977443609021869e+00,1.170300751879699286e+00,2.340601503759398572e+00,3.510902255639097191e+00,4.681203007518797143e+00,5.851503759398496207e+00
6.416040100250626210e+00,1.170576441102757048e+00,2.341152882205514096e+00,3.511729323308270700e+00,4.682305764411028193e+00,5.852882205513784797e+00
6.441102756892230552e+00,1.170852130325814588e+00,2.341704260651629177e+00,3.512556390977443765e+00,4.683408521303258354e+00,5.854260651629072498e+00
6.466165413533834005e+00,1.171127819548872129e+00,2.342255639097744258e+00,3.513383458646616830e+00,4.684511278195488515e+00,5.855639097744361976e+00
6.491228070175438347e+00,1.171403508771929891e+00,2.342807017543859782e+00,3.514210526315789451e+00,4.685614035087719564e+00,5.857017543859649678e+00
6.516290726817041801e+00,1.171679197994987431e+00,2.343358395989974863e+00,3.515037593984961628e+00,4.686716791979949726e+00,5.858395989974937379e+00
6.541353383458646142e+00,1.171954887218045194e+00,2.343909774436090387e+00,3.515864661654135137e+00,4.687819548872180775e+00,5.859774436090225969e+00
6.566416040100250484e+00,1.172230576441102734e+00,2.344461152882205468e+00,3.516691729323308202e+00,4.688922305764410936e+00,5.861152882205513670e+00
6.591478696741853938e+00,1.172506265664160718e+00,2.345012531328321437e+00,3.517518796992481267e+00,4.690025062656642874e+00,5.862531328320802260e+00
6.616541353383458279e+00,1.172781954887218037e+00,2.345563909774436073e+00,3.518345864661653888e+00,4.691127819548872147e+00,5.863909774436089961e+00
6.641604010025062621e+00,1.173057644110275799e+00,2.346115288220551598e+00,3.519172932330827397e+00,4.692230576441103196e+00,5.865288220551379439e+00
6.666666666666666075e+00,1.173333333333333339e+00,2.346666666666666679e+00,3.520000000000000018e+00,4.693333333333333357e+00,5.866666666666668029e+00
6.691729323308270416e+00,1.173609022556391102e+00,2.347218045112782203e+00,3.520827067669173527e+00,4.694436090225564406e+00,5.868045112781956618e+00
6.716791979949874758e+00,1.173884711779448864e+00,2.347769423558897728e+00,3.521654135338346148e+00,4.695538847117795456e+00,5.869423558897244320e+00
6.741854636591478211e+00,1.174160401002506182e+00,2.348320802005012364e+00,3.522481203007518324e+00,4.696641604010024729e+00,5.870802005012532021e+00
6.766917293233082553e+00,1.174436090225563945e+00,2.348872180451127889e+00,3.523308270676691834e+00,4.697744360902255778e+00,5.872180451127820611e+00
6.791979949874686007e+00,1.174711779448621485e+00,2.349423558897242970e+00,3.524135338345864454e+00,4.698847117794485939e+00,5.873558897243108312e+00
6.817042606516290348e+00,1.174987468671679247e+00,2.349974937343358494e+00,3.524962406015037963e+00,4.699949874686716988e+00,5.874937343358396902e+00
6.842105263157894690e+00,1.175263157894737009e+00,2.350526315789474019e+00,3.525789473684210584e+00,4.701052631578948038e+00,5.876315789473684603e+00
6.867167919799498144e+00,1.175538847117794328e+00,2.351077694235588655e+00,3.526616541353382761e+00,4.702155388471177311e+00,5.877694235588972305e+00
6.892230576441102485e+00,1.175814536340852312e+00,2.351629072681704624e+00,3.527443609022556270e+00,4.703258145363409248e+00,5.879072681704261782e+00
6.917293233082705939e+00,1.176090225563909852e+00,2.352180451127819705e+00,3.528270676691729335e+00,4.704360902255639409e+00,5.880451127819549484e+00
6.942355889724310281e+00,1.176365914786967393e+00,2.352731829573934785e+00,3.529097744360902400e+00,4.705463659147869571e+00,5.881829573934838074e+00
6.967418546365914622e+00,1.176641604010025155e+00,2.353283208020050310e+00,3.529924812030075021e+00,4.706566416040100620e+00,5.883208020050125775e+00
6.992481203007518076e+00,1.176917293233082917e+00,2.353834586466165835e+00,3.530751879699248086e+00,4.707669172932331669e+00,5.884586466165414365e+00
7.017543859649122417e+00,1.177192982456140458e+00,2.354385964912280915e+00,3.531578947368421151e+00,4.708771929824561830e+00,5.885964912280702066e+00
7.042606516290726759e+00,1.177468671679197998e+00,2.354937343358395996e+00,3.532406015037593772e+00,4.709874686716791992e+00,5.887343358395989767e+00
7.067669172932330213e+00,1.177744360902255760e+00,2.355488721804511520e+00,3.533233082706766837e+00,4.710977443609023041e+00,5.888721804511279245e+00
7.092731829573934554e+00,1.178020050125313301e+00,2.356040100250626601e+00,3.534060150375939457e+00,4.712080200501253202e+00,5.890100250626566947e+00
7.117794486215538896e+00,1.178295739348371063e+00,2.356591478696742126e+00,3.534887218045112967e+00,4.713182957393484251e+00,5.891478696741855536e+00
7.142857142857142350e+00,1.178571428571428603e+00,2.357142857142857206e+00,3.535714285714285587e+00,4.714285714285714413e+00,5.892857142857143238e+00
7.167919799498746691e+00,1.178847117794486365e+00,2.357694235588972731e+00,3.536541353383459096e+00,4.715388471177945462e+00,5.894235588972431827e+00
7.192982456140350145e+00,1.179122807017543906e+00,2.358245614035087812e+00,3.537368421052631717e+00,4.716491228070175623e+00,5.895614035087719529e+00
7.218045112781954487e+00,1.179398496240601446e+00,2.358796992481202892e+00,3.538195488721804338e+00,4.717593984962405784e+00,5.896992481203007230e+00
7.243107769423558828e+00,1.179674185463659208e+00,2.359348370927318417e+00,3.539022556390977847e+00,4.718696741854636834e+00,5.898370927318296708e+00
7.268170426065162282e+00,1.179949874686716749e+00,2.359899749373433497e+00,3.539849624060150024e+00,4.719799498746866995e+00,5.899749373433584410e+00
7.293233082706766623e+00,1.180225563909774511e+00,2.360451127819549022e+00,3.540676691729323533e+00,4.720902255639098044e+00,5.901127819548872999e+00
7.318295739348370077e+00,1.180501253132832273e+00,2.361002506265664547e+00,3.541503759398496154e+00,4.722005012531329093e+00,5.902506265664160701e+00
7.343358395989974419e+00,1.180776942355889592e+00,2.361553884711779183e+00,3.542330827067668775e+00,4.723107769423558366e+00,5.903884711779448402e+00
7.368421052631578760e+00,1.181052631578947576e+00,2.362105263157895152e+00,3.543157894736842284e+00,4.724210526315790304e+00,5.905263157894736992e+00
7.393483709273182214e+00,1.181328320802004894e+00,2.362656641604009788e+00,3.543984962406014905e+00,4.725313283208019577e+00,5.906641604010024693e+00
7.418546365914786556e+00,1.181604010025062657e+00,2.363208020050125313e+00,3.544812030075187970e+00,4.726416040100250626e+00,5.908020050125314171e+00
7.443609022556390897e+00,1.181879699248120419e+00,2.363759398496240838e+00,3.545639097744360591e+00,4.727518796992481676e+00,5.909398496240601872e+00
7.468671679197994351e+00,1.182155388471177959e+00,2.364310776942355918e+00,3.546466165413533655e+00,4.728621553884711837e+00,5.910776942355890462e+00
7.493734335839598693e+00,1.182431077694235722e+00,2.364862155388471443e+00,3.547293233082706720e+00,4.729724310776942886e+00,5.912155388471178163e+00
7.518796992481203034e+00,1.182706766917293484e+00,2.365413533834586968e+00,3.548120300751880229e+00,4.730827067669173935e+00,5.913533834586466753e+00
7.543859649122806488e+00,1.182982456140351024e+00,2.365964912280702048e+00,3.548947368421052406e+00,4.731929824561404097e+00,5.914912280701754455e+00
7.568922305764410829e+00,1.183258145363408564e+00,2.366516290726817129e+00,3.549774436090225471e+00,4.733032581453634258e+00,5.916290726817042156e+00
7.593984962406014283e+00,1.183533834586466105e+00,2.367067669172932209e+00,3.550601503759398980e+00,4.734135338345864419e+00,5.917669172932331634e+00
7.619047619047618625e+00,1.183809523809523867e+00,2.367619047619047734e+00,3.551428571428571157e+00,4.735238095238095468e+00,5.919047619047620223e+00
7.644110275689222966e+00,1.184085213032581629e+00,2.368170426065163259e+00,3.552255639097744666e+00,4.736340852130326518e+00,5.920426065162908813e+00
7.669172932330826420e+00,1.184360902255639170e+00,2.368721804511278339e+00,3.553082706766917287e+00,4.737443609022556679e+00,5.921804511278196514e+00
7.694235588972430762e+00,1.184636591478696710e+00,2.369273182957393420e+00,3.553909774436089908e+00,4.738546365914786840e+00,5.923182957393484216e+00
7.719298245614034215e+00,1.184912280701754472e+00,2.369824561403508945e+00,3.554736842105263417e+00,4.739649122807017889e+00,5.924561403508772806e+00
7.744360902255638557e+00,1.185187969924812013e+00,2.370375939849624025e+00,3.555563909774435594e+00,4.740751879699248050e+00,5.925939849624060507e+00
7.769423558897242899e+00,1.185463659147869775e+00,2.370927318295739550e+00,3.556390977443609103e+00,4.741854636591479100e+00,5.927318295739349985e+00
7.794486215538846352e+00,1.185739348370927315e+00,2.371478696741854630e+00,3.557218045112781724e+00,4.742957393483709261e+00,5.928696741854636798e+00
7.819548872180450694e+00,1.186015037593985078e+00,2.372030075187970155e+00,3.558045112781955233e+00,4.744060150375940310e+00,5.930075187969926276e+00
7.844611528822055035e+00,1.186290726817042840e+00,2.372581453634085680e+00,3.558872180451127853e+00,4.745162907268171359e+00,5.931453634085213977e+00
7.869674185463658489e+00,1.186566416040100158e+00,2.373132832080200316e+00,3.559699248120300474e+00,4.746265664160400632e+00,5.932832080200501679e+00
7.894736842105262831e+00,1.186842105263157920e+00,2.373684210526315841e+00,3.560526315789473539e+00,4.747368421052631682e+00,5.934210526315790268e+00
7.919799498746867172e+00,1.187117794486215461e+00,2.374235588972430921e+00,3.561353383458646604e+00,4.748471177944861843e+00,5.935588972431077970e+00
7.944862155388470626e+00,1.187393483709273223e+00,2.374786967418546446e+00,3.562180451127819669e+00,4.749573934837092892e+00,5.936967418546366559e+00
7.969924812030074968e+00,1.187669172932330985e+00,2.375338345864661971e+00,3.563007518796992290e+00,4.750676691729323942e+00,5.938345864661654261e+00
7.994987468671678421e+00,1.187944862155388526e+00,2.375889724310777051e+00,3.563834586466165799e+00,4.751779448621554103e+00,5.939724310776943739e+00
8.020050125313282763e+00,1.188220551378446288e+00,2.376441102756892576e+00,3.564661654135337976e+00,4.752882205513785152e+00,5.941102756892231440e+00
8.045112781954886216e+00,1.188496240601503828e+00,2.376992481203007657e+00,3.565488721804511041e+00,4.753984962406015313e+00,5.942481203007519142e+00
8.070175438596491446e+00,1.188771929824561369e+00,2.377543859649122737e+00,3.566315789473684550e+00,4.755087719298245474e+00,5.943859649122807731e+00
8.095238095238094900e+00,1.189047619047619131e+00,2.378095238095238262e+00,3.567142857142856727e+00,4.756190476190476524e+00,5.945238095238095433e+00
8.120300751879698353e+00,1.189323308270676893e+00,2.378646616541353787e+00,3.567969924812030236e+00,4.757293233082707573e+00,5.946616541353384022e+00
8.145363408521303583e+00,1.189598997493734434e+00,2.379197994987468867e+00,3.568796992481202857e+00,4.758395989974937734e+00,5.947994987468671724e+00
8.170426065162907037e+00,1.189874686716792196e+00,2.379749373433584392e+00,3.569624060150376366e+00,4.759498746867168784e+00,5.949373433583961202e+00
8.195488721804510490e+00,1.190150375939849514e+00,2.380300751879699028e+00,3.570451127819548987e+00,4.760601503759398057e+00,5.950751879699248903e+00
8.220551378446113944e+00,1.190426065162907276e+00,2.380852130325814553e+00,3.571278195488721163e+00,4.761704260651629106e+00,5.952130325814536604e+00
8.245614035087719174e+00,1.190701754385965039e+00,2.381403508771930078e+00,3.572105263157894672e+00,4.762807017543860155e+00,5.953508771929825194e+00
8.270676691729322627e+00,1.190977443609022579e+00,2.381954887218045158e+00,3.572932330827067737e+00,4.763909774436090316e+00,5.954887218045112895e+00
8.295739348370926081e+00,1.191253132832080341e+00,2.382506265664160683e+00,3.573759398496240802e+00,4.765012531328321366e+00,5.956265664160401485e+00
8.320802005012531311e+00,1.191528822055137882e+00,2.383057644110275763e+00,3.574586466165413423e+00,4.766115288220551527e+00,5.957644110275689187e+00
8.345864661654134764e+00,1.191804511278195644e+00,2.383609022556391288e+00,3.575413533834586932e+00,4.767218045112782576e+00,5.959022556390978664e+00
8.370927318295738218e+00,1.192080200501253184e+00,2.384160401002506369e+00,3.576240601503759109e+00,4.768320802005012737e+00,5.960401002506266366e+00
8.395989974937343447e+00,1.192355889724310725e+00,2.384711779448621449e+00,3.577067669172932174e+00,4.769423558897242899e+00,5.961779448621554067e+00
8.421052631578946901e+00,1.192631578947368487e+00,2.385263157894736974e+00,3.577894736842105239e+00,4.770526315789473948e+00,5.963157894736842657e+00
8.446115288220550354e+00,1.192907268170426249e+00,2.385814536340852499e+00,3.578721804511277860e+00,4.771629072681704997e+00,5.964536340852130358e+00
8.471177944862155584e+00,1.193182957393483790e+00,2.386365914786967579e+00,3.579548872180451369e+00,4.772731829573935158e+00,5.965914786967418948e+00
8.496240601503759038e+00,1.193458646616541552e+00,2.386917293233083104e+00,3.580375939849623990e+00,4.773834586466166208e+00,5.967293233082706649e+00
8.521303258145362491e+00,1.193734335839598870e+00,2.387468671679197740e+00,3.581203007518796610e+00,4.774937343358395481e+00,5.968671679197994351e+00
8.546365914786967721e+00,1.194010025062656632e+00,2.388020050125313265e+00,3.582030075187970120e+00,4.776040100250626530e+00,5.970050125313283829e+00
8.571428571428571175e+00,1.194285714285714395e+00,2.388571428571428790e+00,3.582857142857142296e+00,4.777142857142857579e+00,5.971428571428571530e+00
8.596491228070174628e+00,1.194561403508771935e+00,2.389122807017543870e+00,3.583684210526315805e+00,4.778245614035087740e+00,5.972807017543861008e+00
8.621553884711779858e+00,1.194837092731829697e+00,2.389674185463659395e+00,3.584511278195488426e+00,4.779348370927318790e+00,5.974185463659148709e+00
8.646616541353383312e+00,1.195112781954887460e+00,2.390225563909774920e+00,3.585338345864661935e+00,4.780451127819549839e+00,5.975563909774437299e+00
8.671679197994986765e+00,1.195388471177944778e+00,2.390776942355889556e+00,3.586165413533834556e+00,4.781553884711779112e+00,5.976942355889725000e+00
8.696741854636590219e+00,1.195664160401002540e+00,2.391328320802005081e+00,3.586992481203007177e+00,4.782656641604010161e+00,5.978320802005012702e+00
8.721804511278195449e+00,1.195939849624060081e+00,2.391879699248120161e+00,3.587819548872180686e+00,4.783759398496240323e+00,5.979699248120302180e+00
8.746867167919798902e+00,1.196215538847117843e+00,2.392431077694235686e+00,3.588646616541353307e+00,4.784862155388471372e+00,5.981077694235588993e+00
8.771929824561402356e+00,1.196491228070175605e+00,2.392982456140351211e+00,3.589473684210526372e+00,4.785964912280702421e+00,5.982456140350878471e+00
8.796992481203007586e+00,1.196766917293233146e+00,2.393533834586466291e+00,3.590300751879698993e+00,4.787067669172932582e+00,5.983834586466166172e+00
8.822055137844611039e+00,1.197042606516290908e+00,2.394085213032581816e+00,3.591127819548872502e+00,4.788170426065163632e+00,5.985213032581454762e+00
8.847117794486214493e+00,1.197318295739348226e+00,2.394636591478696452e+00,3.591954887218045123e+00,4.789273182957392905e+00,5.986591478696742463e+00
8.872180451127819723e+00,1.197593984962405989e+00,2.395187969924811977e+00,3.592781954887217744e+00,4.790375939849623954e+00,5.987969924812030165e+00
8.897243107769423176e+00,1.197869674185463751e+00,2.395739348370927502e+00,3.593609022556390808e+00,4.791478696741855003e+00,5.989348370927318754e+00
8.922305764411026630e+00,1.198145363408521291e+00,2.396290726817042582e+00,3.594436090225563429e+00,4.792581453634085165e+00,5.990726817042606456e+00
8.947368421052631859e+00,1.198421052631579053e+00,2.396842105263158107e+00,3.595263157894736938e+00,4.793684210526316214e+00,5.992105263157895934e+00
8.972431077694235313e+00,1.198696741854636816e+00,2.397393483709273632e+00,3.596090225563909559e+00,4.794786967418547263e+00,5.993483709273183635e+00
8.997493734335838766e+00,1.198972431077694356e+00,2.397944862155388712e+00,3.596917293233083068e+00,4.795889724310777424e+00,5.994862155388472225e+00
9.022556390977442220e+00,1.199248120300751896e+00,2.398496240601503793e+00,3.597744360902255689e+00,4.796992481203007586e+00,5.996240601503759926e+00
9.047619047619047450e+00,1.199523809523809437e+00,2.399047619047618873e+00,3.598571428571428310e+00,4.798095238095237747e+00,5.997619047619047628e+00
9.072681704260650903e+00,1.199799498746867199e+00,2.399598997493734398e+00,3.599398496240601819e+00,4.799197994987468796e+00,5.998997493734336217e+00
9.097744360902254357e+00,1.200075187969924961e+00,2.400150375939849923e+00,3.600225563909773996e+00,4.800300751879699845e+00,6.000375939849623919e+00
9.122807017543859587e+00,1.200350877192982502e+00,2.400701754385965003e+00,3.601052631578947505e+00,4.801403508771930007e+00,6.001754385964913396e+00
9.147869674185463040e+00,1.200626566416040042e+00,2.401253132832080084e+00,3.601879699248120126e+00,4.802506265664160168e+00,6.003132832080201098e+00
9.172932330827066494e+00,1.200902255639098026e+00,2.401804511278196053e+00,3.602706766917293191e+00,4.803609022556392105e+00,6.004511278195489687e+00
9.197994987468671724e+00,1.201177944862155345e+00,2.402355889724310689e+00,3.603533834586466256e+00,4.804711779448621378e+00,6.005889724310777389e+00
9.223057644110275177e+00,1.201453634085213107e+00,2.402907268170426214e+00,3.604360902255638877e+00,4.805814536340852428e+00,6.007268170426065090e+00
9.248120300751878631e+00,1.201729323308270647e+00,2.403458646616541294e+00,3.605187969924811942e+00,4.806917293233082589e+00,6.008646616541353680e+00
9.273182957393483861e+00,1.202005012531328410e+00,2.404010025062656819e+00,3.606015037593985006e+00,4.808020050125313638e+00,6.010025062656641381e+00
9.298245614035087314e+00,1.202280701754386172e+00,2.404561403508772344e+00,3.606842105263158516e+00,4.809122807017544687e+00,6.011403508771930859e+00
9.323308270676690768e+00,1.202556390977443490e+00,2.405112781954886980e+00,3.607669172932330692e+00,4.810225563909773960e+00,6.012781954887218561e+00
9.348370927318295998e+00,1.202832080200501474e+00,2.405664160401002949e+00,3.608496240601504201e+00,4.811328320802005898e+00,6.014160401002507150e+00
9.373433583959899451e+00,1.203107769423559015e+00,2.406215538847118030e+00,3.609323308270676378e+00,4.812431077694236059e+00,6.015538847117794852e+00
9.398496240601502905e+00,1.203383458646616555e+00,2.406766917293233110e+00,3.610150375939849443e+00,4.813533834586466220e+00,6.016917293233082553e+00
9.423558897243108134e+00,1.203659147869674317e+00,2.407318295739348635e+00,3.610977443609022952e+00,4.814636591478697270e+00,6.018295739348371143e+00
9.448621553884711588e+00,1.203934837092731858e+00,2.407869674185463715e+00,3.611804511278195129e+00,4.815739348370927431e+00,6.019674185463658844e+00
9.473684210526315042e+00,1.204210526315789620e+00,2.408421052631579240e+00,3.612631578947368638e+00,4.816842105263158480e+00,6.021052631578948322e+00
9.498746867167918495e+00,1.204486215538847160e+00,2.408972431077694321e+00,3.613458646616541259e+00,4.817944862155388641e+00,6.022431077694236023e+00
9.523809523809523725e+00,1.204761904761904923e+00,2.409523809523809845e+00,3.614285714285714324e+00,4.819047619047619690e+00,6.023809523809524613e+00
9.548872180451127178e+00,1.205037593984962463e+00,2.410075187969924926e+00,3.615112781954887389e+00,4.820150375939849852e+00,6.025187969924813203e+00
9.573934837092730632e+00,1.205313283208020003e+00,2.410626566416040006e+00,3.615939849624059566e+00,4.821253132832080013e+00,6.026566416040100904e+00
9.598997493734335862e+00,1.205588972431077766e+00,2.411177944862155531e+00,3.616766917293233075e+00,4.822355889724311062e+00,6.027944862155389494e+00
9.624060150375939315e+00,1.205864661654135306e+00,2.411729323308270612e+00,3.617593984962406140e+00,4.823458646616541223e+00,6.029323308270677195e+00
9.649122807017542769e+00,1.206140350877193068e+00,2.412280701754386136e+00,3.618421052631579204e+00,4.824561403508772273e+00,6.030701754385966673e+00
9.674185463659147999e+00,1.206416040100250608e+00,2.412832080200501217e+00,3.619248120300751825e+00,4.825664160401002434e+00,6.032080200501254375e+00
9.699248120300751452e+00,1.206691729323308371e+00,2.413383458646616742e+00,3.620075187969924446e+00,4.826766917293233483e+00,6.033458646616541188e+00
9.724310776942354906e+00,1.206967418546365911e+00,2.413934837092731822e+00,3.620902255639097511e+00,4.827869674185463644e+00,6.034837092731830666e+00
9.749373433583960136e+00,1.207243107769423673e+00,2.414486215538847347e+00,3.621729323308270576e+00,4.828972431077694694e+00,6.036215538847118367e+00
9.774436090225563589e+00,1.207518796992481436e+00,2.415037593984962871e+00,3.622556390977443641e+00,4.830075187969925743e+00,6.037593984962406957e+00
9.799498746867167043e+00,1.207794486215538754e+00,2.415588972431077508e+00,3.623383458646616262e+00,4.831177944862155016e+00,6.038972431077694658e+00
9.824561403508770496e+00,1.208070175438596738e+00,2.416140350877193477e+00,3.624210526315789771e+00,4.832280701754386953e+00,6.040350877192984136e+00
9.849624060150375726e+00,1.208345864661654057e+00,2.416691729323308113e+00,3.625037593984961948e+00,4.833383458646616226e+00,6.041729323308270949e+00
9.874686716791979180e+00,1.208621553884711819e+00,2.417243107769423638e+00,3.625864661654135013e+00,4.834486215538847276e+00,6.043107769423558651e+00
9.899749373433582633e+00,1.208897243107769581e+00,2.417794486215539163e+00,3.626691729323308522e+00,4.835588972431078325e+00,6.044486215538848128e+00
9.924812030075187863e+00,1.209172932330827122e+00,2.418345864661654243e+00,3.627518796992480699e+00,4.836691729323308486e+00,6.045864661654135830e+00
9.949874686716791317e+00,1.209448621553884884e+00,2.418897243107769768e+00,3.628345864661654208e+00,4.837794486215539536e+00,6.047243107769424419e+00
9.974937343358394770e+00,1.209724310776942202e+00,2.419448621553884404e+00,3.629172932330827273e+00,4.838897243107768809e+00,6.048621553884712121e+00
1.000000000000000000e+01,1.210000000000000187e+00,2.420000000000000373e+00,3.630000000000000338e+00,4.840000000000000746e+00,6.050000000000000711e+00
