Ugs,Ids
-2.950000000000000178e+00,3.819444444444417865e-03
-2.940133779264214375e+00,5.475501144033874043e-03
-2.930267558528428129e+00,7.428992684645553506e-03
-2.920401337792642327e+00,9.679919066279324413e-03
-2.910535117056856524e+00,1.222828028893524835e-02
-2.900668896321070278e+00,1.507407635261352394e-02
-2.890802675585284476e+00,1.821730725731376954e-02
-2.880936454849498674e+00,2.165797300303616557e-02
-2.871070234113712427e+00,2.539607358978085427e-02
-2.861204013377926625e+00,2.943160901754756503e-02
-2.851337792642140823e+00,3.376457928633642969e-02
-2.841471571906354576e+00,3.839498439614761477e-02
-2.831605351170568774e+00,4.332282434698078027e-02
-2.821739130434782972e+00,4.854809913883611355e-02
-2.811872909698996725e+00,5.407080877171398237e-02
-2.802006688963210923e+00,5.989095324561363731e-02
-2.792140468227425121e+00,6.600853256053544615e-02
-2.782274247491638874e+00,7.242354671647963094e-02
-2.772408026755853072e+00,7.913599571344574757e-02
-2.762541806020067270e+00,8.614587955143401810e-02
-2.752675585284281023e+00,9.345319823044470620e-02
-2.742809364548495221e+00,1.010579517504772706e-01
-2.732943143812708975e+00,1.089601401115325580e-01
-2.723076923076923173e+00,1.171597633136094857e-01
-2.713210702341137370e+00,1.256568213567085257e-01
-2.703344481605351568e+00,1.344513142408297612e-01
-2.693478260869565322e+00,1.435432419659734560e-01
-2.683612040133779519e+00,1.529326045321389715e-01
-2.673745819397993273e+00,1.626194019393269463e-01
-2.663879598662207471e+00,1.726036341875367974e-01
-2.654013377926421668e+00,1.828853012767688024e-01
-2.644147157190635866e+00,1.934644032070229613e-01
-2.634280936454849620e+00,2.043409399782999958e-01
-2.624414715719063818e+00,2.155149115905984625e-01
-2.614548494983277571e+00,2.269863180439194716e-01
-2.604682274247491769e+00,2.387551593382622461e-01
-2.594816053511705967e+00,2.508214354736271745e-01
-2.584949832775919720e+00,2.631851464500146731e-01
-2.575083612040133918e+00,2.758462922674239648e-01
-2.565217391304348116e+00,2.888048729258553271e-01
-2.555351170568561869e+00,3.020608884253098148e-01
-2.545484949832776067e+00,3.156143387657854849e-01
-2.535618729096990265e+00,3.294652239472834476e-01
-2.525752508361204018e+00,3.436135439698039806e-01
-2.515886287625418216e+00,3.580592988333461402e-01
-2.506020066889632414e+00,3.728024885379104258e-01
-2.496153846153846168e+00,3.878431130834974483e-01
-2.486287625418060365e+00,4.031811724701061528e-01
-2.476421404682274563e+00,4.188166666977369834e-01
-2.466555183946488317e+00,4.347495957663909949e-01
-2.456688963210702514e+00,4.509799596760661333e-01
-2.446822742474916712e+00,4.675077584267635089e-01
-2.436956521739130466e+00,4.843329920184834547e-01
-2.427090301003344663e+00,5.014556604512250271e-01
-2.417224080267558861e+00,5.188757637249888921e-01
-2.407357859531772615e+00,5.365933018397752718e-01
-2.397491638795986812e+00,5.546082747955833891e-01
-2.387625418060201010e+00,5.729206825924135771e-01
-2.377759197324414764e+00,5.915305252302671679e-01
-2.367892976588628962e+00,6.104378027091418302e-01
-2.358026755852843159e+00,6.296425150290384520e-01
-2.348160535117056913e+00,6.491446621899579217e-01
-2.338294314381271111e+00,6.689442441918990179e-01
-2.328428093645484864e+00,6.890412610348628508e-01
-2.318561872909699062e+00,7.094357127188480883e-01
-2.308695652173913260e+00,7.301275992438556184e-01
-2.298829431438127457e+00,7.511169206098852191e-01
-2.288963210702341211e+00,7.724036768169384448e-01
-2.279096989966555409e+00,7.939878678650124089e-01
-2.269230769230769162e+00,8.158694937541093317e-01
-2.259364548494983360e+00,8.380485544842275480e-01
-2.249498327759197558e+00,8.605250500553678350e-01
-2.239632107023411756e+00,8.832989804675303036e-01
-2.229765886287625509e+00,9.063703457207160641e-01
-2.219899665551839707e+00,9.297391458149228960e-01
-2.210033444816053461e+00,9.534053807501534639e-01
-2.200167224080267658e+00,9.773690505264047701e-01
-2.190301003344481856e+00,1.001630155143678147e+00
-2.180434782608696054e+00,1.026188694601973594e+00
-2.170568561872909807e+00,1.051044668901292001e+00
-2.160702341137124005e+00,1.076198078041632034e+00
-2.150836120401337759e+00,1.101648922022994581e+00
-2.140969899665551957e+00,1.127397200845378977e+00
-2.131103678929766154e+00,1.153442914508785222e+00
-2.121237458193980352e+00,1.179786063013213537e+00
-2.111371237458194106e+00,1.206426646358666144e+00
-2.101505016722408303e+00,1.233364664545138600e+00
-2.091638795986622057e+00,1.260600117572634682e+00
-2.081772575250836255e+00,1.288133005441151724e+00
-2.071906354515050452e+00,1.315963328150690836e+00
-2.062040133779264650e+00,1.344091085701252464e+00
-2.052173913043478404e+00,1.372516278092836828e+00
-2.042307692307692601e+00,1.401238905325442374e+00
-2.032441471571906355e+00,1.430258967399072212e+00
-2.022575250836120553e+00,1.459576464313722344e+00
-2.012709030100334751e+00,1.489191396069394546e+00
-2.002842809364548948e+00,1.519103762666088819e+00
-1.992976588628762702e+00,1.549313564103806495e+00
-1.983110367892976900e+00,1.579820800382545132e+00
-1.973244147157190653e+00,1.610625471502306949e+00
-1.963377926421404851e+00,1.641727577463089949e+00
-1.953511705685619049e+00,1.673127118264894797e+00
-1.943645484949833024e+00,1.704824093907723270e+00
-1.933779264214047000e+00,1.736818504391573814e+00
-1.923913043478260976e+00,1.769110349716445096e+00
-1.914046822742475173e+00,1.801699629882338893e+00
-1.904180602006689149e+00,1.834586344889256315e+00
-1.894314381270903125e+00,1.867770494737195142e+00
-1.884448160535117323e+00,1.901252079426155595e+00
-1.874581939799331298e+00,1.935031098956138118e+00
-1.864715719063545274e+00,1.969107553327143600e+00
-1.854849498327759472e+00,2.003481442539170043e+00
-1.844983277591973447e+00,2.038152766592220111e+00
-1.835117056856187423e+00,2.073121525486290917e+00
-1.825250836120401621e+00,2.108387719221384682e+00
-1.815384615384615596e+00,2.143951347797500517e+00
-1.805518394648829572e+00,2.179812411214639312e+00
-1.795652173913043548e+00,2.215970909472799288e+00
-1.785785953177257745e+00,2.252426842571980448e+00
-1.775919732441471721e+00,2.289180210512185898e+00
-1.766053511705685697e+00,2.326231013293412975e+00
-1.756187290969899895e+00,2.363579250915661678e+00
-1.746321070234113870e+00,2.401224923378932008e+00
-1.736454849498327846e+00,2.439168030683225741e+00
-1.726588628762542044e+00,2.477408572828540656e+00
-1.716722408026756019e+00,2.515946549814878974e+00
-1.706856187290969995e+00,2.554781961642237587e+00
-1.696989966555184193e+00,2.593914808310618714e+00
-1.687123745819398168e+00,2.633345089820023688e+00
-1.677257525083612144e+00,2.673072806170450288e+00
-1.667391304347826342e+00,2.713097957361898072e+00
-1.657525083612040318e+00,2.753420543394367925e+00
-1.647658862876254293e+00,2.794040564267861182e+00
-1.637792642140468491e+00,2.834958019982375177e+00
-1.627926421404682467e+00,2.876172910537913019e+00
-1.618060200668896442e+00,2.917685235934471599e+00
-1.608193979933110640e+00,2.959494996172051806e+00
-1.598327759197324616e+00,3.001602191250656304e+00
-1.588461538461538591e+00,3.044006821170282429e+00
-1.578595317725752789e+00,3.086708885930928847e+00
-1.568729096989966765e+00,3.129708385532598669e+00
-1.558862876254180740e+00,3.173005319975291449e+00
-1.548996655518394716e+00,3.216599689259006745e+00
-1.539130434782608914e+00,3.260491493383742334e+00
-1.529264214046822890e+00,3.304680732349499994e+00
-1.519397993311036865e+00,3.349167406156281501e+00
-1.509531772575251063e+00,3.393951514804084191e+00
-1.499665551839465039e+00,3.439033058292908063e+00
-1.489799331103679014e+00,3.484412036622758002e+00
-1.479933110367893212e+00,3.530088449793626015e+00
-1.470066889632107188e+00,3.576062297805516987e+00
-1.460200668896321163e+00,3.622333580658430474e+00
-1.450334448160535361e+00,3.668902298352364699e+00
-1.440468227424749337e+00,3.715768450887325436e+00
-1.430602006688963312e+00,3.762932038263305135e+00
-1.420735785953177510e+00,3.810393060480306016e+00
-1.410869565217391486e+00,3.858151517538329855e+00
-1.401003344481605462e+00,3.906207409437378875e+00
-1.391137123745819659e+00,3.954560736177446412e+00
-1.381270903010033635e+00,4.003211497758536908e+00
-1.371404682274247611e+00,4.052159694180650362e+00
-1.361538461538461808e+00,4.101405325443783667e+00
-1.351672240802675784e+00,4.150948391547944816e+00
-1.341806020066889760e+00,4.200788892493123150e+00
-1.331939799331103957e+00,4.250926828279323999e+00
-1.322073578595317933e+00,4.301362198906547363e+00
-1.312207357859531909e+00,4.352095004374795906e+00
-1.302341137123745884e+00,4.403125244684062523e+00
-1.292474916387960082e+00,4.454452919834353430e+00
-1.282608695652174058e+00,4.506078029825665077e+00
-1.272742474916388034e+00,4.558000574658002790e+00
-1.262876254180602231e+00,4.610220554331358578e+00
-1.253010033444816207e+00,4.662737968845735992e+00
-1.243143812709030183e+00,4.715552818201136809e+00
-1.233277591973244380e+00,4.768665102397559252e+00
-1.223411371237458356e+00,4.822074821435007763e+00
-1.213545150501672332e+00,4.875781975313474348e+00
-1.203678929765886529e+00,4.929786564032962559e+00
-1.193812709030100505e+00,4.984088587593475062e+00
-1.183946488294314481e+00,5.038688045995010967e+00
-1.174080267558528679e+00,5.093584939237566722e+00
-1.164214046822742654e+00,5.148779267321144992e+00
-1.154347826086956630e+00,5.204271030245744001e+00
-1.144481605351170828e+00,5.260060228011366412e+00
-1.134615384615384803e+00,5.316146860618014891e+00
-1.124749163879598779e+00,5.372530928065680556e+00
-1.114882943143812977e+00,5.429212430354368735e+00
-1.105016722408026952e+00,5.486191367484079429e+00
-1.095150501672240928e+00,5.543467739454815302e+00
-1.085284280936455126e+00,5.601041546266571025e+00
-1.075418060200669101e+00,5.658912787919348375e+00
-1.065551839464883077e+00,5.717081464413146463e+00
-1.055685618729097275e+00,5.775547575747967954e+00
-1.045819397993311251e+00,5.834311121923816401e+00
-1.035953177257525226e+00,5.893372102940682034e+00
-1.026086956521739202e+00,5.952730518798570181e+00
-1.016220735785953400e+00,6.012386369497479066e+00
-1.006354515050167375e+00,6.072339655037415795e+00
-9.964882943143813510e-01,6.132590375418370598e+00
-9.866220735785955487e-01,6.193138530640347028e+00
-9.767558528428095244e-01,6.253984120703345084e+00
-9.668896321070235000e-01,6.315127145607370096e+00
-9.570234113712376978e-01,6.376567605352414070e+00
-9.471571906354516734e-01,6.438305499938477894e+00
-9.372909698996658712e-01,6.500340829365564232e+00
-9.274247491638796248e-01,6.562673593633679303e+00
-9.175585284280938225e-01,6.625303792742809783e+00
-9.076923076923080203e-01,6.688231426692964554e+00
-8.978260869565217739e-01,6.751456495484140063e+00
-8.879598662207359716e-01,6.814978999116337199e+00
-8.780936454849501693e-01,6.878798937589559515e+00
-8.682274247491639230e-01,6.942916310903805233e+00
-8.583612040133781207e-01,7.007331119059068136e+00
-8.484949832775923184e-01,7.072043362055356219e+00
-8.386287625418060721e-01,7.137053039892667705e+00
-8.287625418060202698e-01,7.202360152571000818e+00
-8.188963210702344675e-01,7.267964700090352892e+00
-8.090301003344482211e-01,7.333866682450729257e+00
-7.991638795986624189e-01,7.400066099652126361e+00
-7.892976588628766166e-01,7.466562951694545980e+00
-7.794314381270903702e-01,7.533357238577991666e+00
-7.695652173913045679e-01,7.600448960302454537e+00
-7.596989966555187657e-01,7.667838116867941700e+00
-7.498327759197325193e-01,7.735524708274451378e+00
-7.399665551839467170e-01,7.803508734521981793e+00
-7.301003344481609147e-01,7.871790195610534724e+00
-7.202341137123746684e-01,7.940369091540114610e+00
-7.103678929765888661e-01,8.009245422310712570e+00
-7.005016722408030638e-01,8.078419187922330380e+00
-6.906354515050168175e-01,8.147890388374973369e+00
-6.807692307692310152e-01,8.217659023668636209e+00
-6.709030100334447688e-01,8.287725093803326004e+00
-6.610367892976589665e-01,8.358088598779032097e+00
-6.511705685618731643e-01,8.428749538595763369e+00
-6.413043478260869179e-01,8.499707913253519820e+00
-6.314381270903011156e-01,8.570963722752292568e+00
-6.215719063545153134e-01,8.642516967092090496e+00
-6.117056856187290670e-01,8.714367646272908274e+00
-6.018394648829432647e-01,8.786515760294751232e+00
-5.919732441471574624e-01,8.858961309157612263e+00
-5.821070234113712161e-01,8.931704292861500250e+00
-5.722408026755854138e-01,9.004744711406406310e+00
-5.623745819397996115e-01,9.078082564792335774e+00
-5.525083612040133652e-01,9.151717853019293969e+00
-5.426421404682275629e-01,9.225650576087266685e+00
-5.327759197324417606e-01,9.299880733996262805e+00
-5.229096989966555142e-01,9.374408326746282327e+00
-5.130434782608697120e-01,9.449233354337323476e+00
-5.031772575250839097e-01,9.524355816769384475e+00
-4.933110367892976633e-01,9.599775714042470653e+00
-4.834448160535118610e-01,9.675493046156578458e+00
-4.735785953177260588e-01,9.751507813111706113e+00
-4.637123745819398124e-01,9.827820014907862500e+00
-4.538461538461540101e-01,9.904429651545035185e+00
-4.439799331103682078e-01,9.981336723023229496e+00
-4.341137123745819615e-01,1.005854122934245076e+01
-4.242474916387961592e-01,1.013604317050268833e+01
-4.143812709030103569e-01,1.021384254650395107e+01
-4.045150501672241106e-01,1.029193935734623722e+01
-3.946488294314383083e-01,1.037033360302954144e+01
-3.847826086956525060e-01,1.044902528355387261e+01
-3.749163879598662596e-01,1.052801439891922541e+01
-3.650501672240804574e-01,1.060730094912559984e+01
-3.551839464882946551e-01,1.068688493417299235e+01
-3.453177257525084087e-01,1.076676635406141180e+01
-3.354515050167226065e-01,1.084694520879085111e+01
-3.255852842809368042e-01,1.092742149836131205e+01
-3.157190635451505578e-01,1.100819522277279816e+01
-3.058528428093647555e-01,1.108926638202530413e+01
-2.959866220735789533e-01,1.117063497611882994e+01
-2.861204013377927069e-01,1.125230100505338804e+01
-2.762541806020069046e-01,1.133426446882895888e+01
-2.663879598662211023e-01,1.141652536744555135e+01
-2.565217391304348560e-01,1.149908370090316900e+01
-2.466555183946490537e-01,1.158193946920180828e+01
-2.367892976588632514e-01,1.166509267234146741e+01
-2.269230769230770051e-01,1.174854331032215349e+01
-2.170568561872912028e-01,1.183229138314385942e+01
-2.071906354515054005e-01,1.191633689080658520e+01
-1.973244147157191541e-01,1.200067983331033972e+01
-1.874581939799333519e-01,1.208532021065511231e+01
-1.775919732441475496e-01,1.217025802284090297e+01
-1.677257525083613032e-01,1.225549326986772236e+01
-1.578595317725755010e-01,1.234102595173555983e+01
-1.479933110367892546e-01,1.242685606844442248e+01
-1.381270903010034523e-01,1.251298361999430497e+01
-1.282608695652176500e-01,1.259940860638520910e+01
-1.183946488294314037e-01,1.268613102761714018e+01
-1.085284280936456014e-01,1.277315088369009111e+01
-9.866220735785979912e-02,1.286046817460406011e+01
-8.879598662207355275e-02,1.294808290035905607e+01
-7.892976588628775048e-02,1.303599506095506833e+01
-6.906354515050194820e-02,1.312420465639210754e+01
-5.919732441471570183e-02,1.321271168667016838e+01
-4.933110367892989956e-02,1.330151615178925084e+01
-3.946488294314409728e-02,1.339061805174935493e+01
-2.959866220735785092e-02,1.348001738655048598e+01
-1.973244147157204864e-02,1.356971415619263333e+01
-9.866220735786246365e-03,1.365970836067580407e+01
0.000000000000000000e+00,1.374999999999999822e+01
