Uds,Id1,Id2,Id3,Id4,Id5
0.000000000000000000e+00,0.000000000000000000e+00,0.000000000000000000e+00,0.000000000000000000e+00,0.000000000000000000e+00,0.000000000000000000e+00
2.506265664160400863e-02,1.761155883303356165e-02,5.207271171523907005e-02,8.653386459744458192e-02,1.209950174796500799e-01,1.554561703618556057e-01
5.012531328320801727e-02,3.368767225778172142e-02,1.026099780221927382e-01,1.715322837866037342e-01,2.404545895510147857e-01,3.093768953154258372e-01
7.518796992481202590e-02,4.822834027424446890e-02,1.516117989208610461e-01,2.549952575674775401e-01,3.583787162140940619e-01,4.617621748607106391e-01
1.002506265664160345e-01,6.123356288242182838e-02,1.990781744112438967e-01,3.369227859400658609e-01,4.747673974688879084e-01,6.126120089977100669e-01
1.253132832080200432e-01,7.270334008231377210e-02,2.450091044933413731e-01,4.173148689043688631e-01,5.896206333153964918e-01,7.619263977264240095e-01
1.503759398496240518e-01,8.263767187392030700e-02,2.894045891671534476e-01,4.961715064603864356e-01,7.029384237536194791e-01,9.097053410468526335e-01
1.754385964912280604e-01,9.103655825724146777e-02,3.322646284326801203e-01,5.734926986081185785e-01,8.147207687835572587e-01,1.055948838958995717e+00
2.005012531328320691e-01,9.789999923227721279e-02,3.735892222899213078e-01,6.492784453475654027e-01,9.249676684052093867e-01,1.200656891462853704e+00
2.255639097744360777e-01,1.032279947990275420e-01,4.133783707388771766e-01,7.235287466787267974e-01,1.033679122618576418e+00,1.343829498558425817e+00
2.506265664160400863e-01,1.070205449574924833e-01,4.516320737795475604e-01,7.962436026016027624e-01,1.140855131423657909e+00,1.485466660245712944e+00
2.756892230576440950e-01,1.092776497076719949e-01,4.883503314119326255e-01,8.674230131161932977e-01,1.246495694820453970e+00,1.625568376524714642e+00
3.007518796992481036e-01,1.108270676691728851e-01,5.235331436360323165e-01,9.370669782224984035e-01,1.350600812808964601e+00,1.764134647395430910e+00
3.258145363408521122e-01,1.108959899749372841e-01,5.571805104518464669e-01,1.005175497920518080e+00,1.453170485389190025e+00,1.901165472857861305e+00
3.508771929824561209e-01,1.109649122807016969e-01,5.892924318593752986e-01,1.071748572210252437e+00,1.554204712561129798e+00,2.036660852912007158e+00
3.759398496240601295e-01,1.110338345864661097e-01,6.198689078586188117e-01,1.136786201091701365e+00,1.653703494324783918e+00,2.170620787557866915e+00
4.010025062656641381e-01,1.111027568922305087e-01,6.489099384495768952e-01,1.200288384564864863e+00,1.751666830680153275e+00,2.303045276795441687e+00
4.260651629072681468e-01,1.111716791979949215e-01,6.764155236322494380e-01,1.262255122629743154e+00,1.848094721627236980e+00,2.433934320624730585e+00
4.511278195488721554e-01,1.112406015037593343e-01,7.023856634066366622e-01,1.322686415286336015e+00,1.942987167166034812e+00,2.563287919045734053e+00
4.761904761904761640e-01,1.113095238095237333e-01,7.268203577727384568e-01,1.381582262534643224e+00,2.036344167296547880e+00,2.691106072058452980e+00
5.012531328320801727e-01,1.113784461152881461e-01,7.497196067305549327e-01,1.438942664374665226e+00,2.128165722018775519e+00,2.817388779662885590e+00
5.263157894736841813e-01,1.114473684210525589e-01,7.710834102800859791e-01,1.494767620806401576e+00,2.218451831332717283e+00,2.942136041859032769e+00
5.513784461152881899e-01,1.115162907268169579e-01,7.909117684213315957e-01,1.549057131829852718e+00,2.307202495238374063e+00,3.065347858646895407e+00
5.764411027568921986e-01,1.115852130325813707e-01,8.092046811542917828e-01,1.601811197445018431e+00,2.394417713735744968e+00,3.187024230026471727e+00
6.015037593984962072e-01,1.116541353383458113e-01,8.259621484789666512e-01,1.653029817651898714e+00,2.480097486824830888e+00,3.307165155997763506e+00
6.265664160401002158e-01,1.117230576441102102e-01,8.411841703953560900e-01,1.702712992450493568e+00,2.564241814505631822e+00,3.425770636560769855e+00
6.516290726817042245e-01,1.117919799498746231e-01,8.548707469034600992e-01,1.750860721840803214e+00,2.646850696778146439e+00,3.542840671715489442e+00
6.766917293233082331e-01,1.118609022556390498e-01,8.670218780032783457e-01,1.797473005822827208e+00,2.727924133642376514e+00,3.658375261461925376e+00
7.017543859649122417e-01,1.119298245614034487e-01,8.776375636948118286e-01,1.842549844396565772e+00,2.807462125098320271e+00,3.772374405800074992e+00
7.268170426065162504e-01,1.119987468671678615e-01,8.867178039780596599e-01,1.886091237562019574e+00,2.885464671145979487e+00,3.884838104729939179e+00
7.518796992481202590e-01,1.120676691729322744e-01,8.942625988530219505e-01,1.928097185319187279e+00,2.961931771785352385e+00,3.995766358251518380e+00
7.769423558897242676e-01,1.121365914786966872e-01,9.002719483196988115e-01,1.968567687668069777e+00,3.036863427016440742e+00,4.105159166364811263e+00
8.020050125313282763e-01,1.122055137844610861e-01,9.047458523780905759e-01,2.007502744608666845e+00,3.110259636839242781e+00,4.213016529069820493e+00
8.270676691729322849e-01,1.122744360902254990e-01,9.076843110281967997e-01,2.044902356140978483e+00,3.182120401253760278e+00,4.319338446366542072e+00
8.521303258145362935e-01,1.123433583959899118e-01,9.090873242700173718e-01,2.080766522265004692e+00,3.252445720259991901e+00,4.424124918254979555e+00
8.771929824561403022e-01,1.124122807017543108e-01,9.291577576754384005e-01,2.115095242980745915e+00,3.321235593857938984e+00,4.527375944735131164e+00
9.022556390977443108e-01,1.124812030075187236e-01,9.297274436090222638e-01,2.147888518288201709e+00,3.388490022047598860e+00,4.629091525806996898e+00
9.273182957393483195e-01,1.125501253132831364e-01,9.302971295426062381e-01,2.179146348187371185e+00,3.454209004828975527e+00,4.729271661470580312e+00
9.523809523809523281e-01,1.126190476190475354e-01,9.308668154761902125e-01,2.208868732678256119e+00,3.518392542202065432e+00,4.827916351725875188e+00
9.774436090225563367e-01,1.126879699248119482e-01,9.314365014097740758e-01,2.237055671760855180e+00,3.581040634166869907e+00,4.925025596572885078e+00
1.002506265664160345e+00,1.127568922305763610e-01,9.320061873433580502e-01,2.263707165435169255e+00,3.642153280723389397e+00,5.020599396011609095e+00
1.027568922305764243e+00,1.128258145363407877e-01,9.325758732769422465e-01,2.288823213701197457e+00,3.701730481871623457e+00,5.114637750042049902e+00
1.052631578947368363e+00,1.128947368421052005e-01,9.331455592105261099e-01,2.312403816558940672e+00,3.759772237611571200e+00,5.207140658664203059e+00
1.077694235588972482e+00,1.129636591478696134e-01,9.337152451441100842e-01,2.334448974008398459e+00,3.816278547943235289e+00,5.298108121878072119e+00
1.102756892230576380e+00,1.130325814536340262e-01,9.342849310776940586e-01,2.354958686049570815e+00,3.871249412866613504e+00,5.387540139683656193e+00
1.127819548872180277e+00,1.131015037593984390e-01,9.348546170112779219e-01,2.373932952682457742e+00,3.924684832381705402e+00,5.475436712080952617e+00
1.152882205513784397e+00,1.131704260651628519e-01,9.354243029448618962e-01,2.391371773907058795e+00,3.976584806488512314e+00,5.561797839069964944e+00
1.177944862155388517e+00,1.132393483709272508e-01,9.359939888784458706e-01,2.407275149723374863e+00,4.026949335187034684e+00,5.646623520650694061e+00
1.203007518796992414e+00,1.133082706766916636e-01,9.365636748120297339e-01,2.421643080131405501e+00,4.075778418477269405e+00,5.729913756823135529e+00
1.228070175438596312e+00,1.133771929824560765e-01,9.371333607456137083e-01,2.434475565131150709e+00,4.123072056359219140e+00,5.811668547587290234e+00
1.253132832080200432e+00,1.134461152882204893e-01,9.377030466791977936e-01,2.445772604722610488e+00,4.168830248832885665e+00,5.891887892943162619e+00
1.278195488721804551e+00,1.135150375939848882e-01,9.382727326127817680e-01,2.455534198905785281e+00,4.213052995898266317e+00,5.970571792890748242e+00
1.303258145363408449e+00,1.135839598997493011e-01,9.388424185463656313e-01,2.463760347680674201e+00,4.255740297555361096e+00,6.047720247430047102e+00
1.328320802005012347e+00,1.136528822055137139e-01,9.394121044799496056e-01,2.470451051047278135e+00,4.296892153804170000e+00,6.123333256561061866e+00
1.353383458646616466e+00,1.137218045112781128e-01,9.399817904135335800e-01,2.475606309005595751e+00,4.336508564644693031e+00,6.197410820283790756e+00
1.378446115288220586e+00,1.137907268170425257e-01,9.405514763471174433e-01,2.479226121555629270e+00,4.374589530076931965e+00,6.269952938598234660e+00
1.403508771929824483e+00,1.138596491228069663e-01,9.411211622807016397e-01,2.481310488697376027e+00,4.411135050100885024e+00,6.340959611504393578e+00
1.428571428571428381e+00,1.139285714285713652e-01,9.416908482142855030e-01,2.570513392857142421e+00,4.446145124716551322e+00,6.410430839002265735e+00
1.453634085213032501e+00,1.139974937343357780e-01,9.422605341478694774e-01,2.572068452380952497e+00,4.479619753923935299e+00,6.478366621091854682e+00
1.478696741854636620e+00,1.140664160401001909e-01,9.428302200814534517e-01,2.573623511904761685e+00,4.511558937723031626e+00,6.544766957773156868e+00
1.503759398496240518e+00,1.141353383458645898e-01,9.433999060150374261e-01,2.575178571428571317e+00,4.541962676113842079e+00,6.609631849046173180e+00
1.528822055137844416e+00,1.142042606516290165e-01,9.439695919486212894e-01,2.576733630952380949e+00,4.570830969096367546e+00,6.672961294910904506e+00
1.553884711779448535e+00,1.142731829573934293e-01,9.445392778822052637e-01,2.578288690476190137e+00,4.598163816670608917e+00,6.734755295367351735e+00
1.578947368421052655e+00,1.143421052631578283e-01,9.451089638157892381e-01,2.579843749999999769e+00,4.623961218836564413e+00,6.795013850415511314e+00
1.604010025062656553e+00,1.144110275689222411e-01,9.456786497493731014e-01,2.581398809523808957e+00,4.648223175594233147e+00,6.853736960055387684e+00
1.629072681704260450e+00,1.144799498746866540e-01,9.462483356829571868e-01,2.582953869047619033e+00,4.670949686943617785e+00,6.910924624286975515e+00
1.654135338345864570e+00,1.145488721804510529e-01,9.468180216165411611e-01,2.584508928571428221e+00,4.692140752884717436e+00,6.966576843110281914e+00
1.679197994987468689e+00,1.146177944862154657e-01,9.473877075501250244e-01,2.586063988095237409e+00,4.711796373417531214e+00,7.020693616525299774e+00
1.704260651629072587e+00,1.146867167919798786e-01,9.479573934837089988e-01,2.587619047619047485e+00,4.729916548542059118e+00,7.073274944532032649e+00
1.729323308270676485e+00,1.147556390977442914e-01,9.485270794172929731e-01,2.589174107142856673e+00,4.746501278258301149e+00,7.124320827130481426e+00
1.754385964912280604e+00,1.148245614035086903e-01,9.490967653508768365e-01,2.590729166666666305e+00,4.761550562566259082e+00,7.173831264320644330e+00
1.779448621553884724e+00,1.148934837092731032e-01,9.496664512844608108e-01,2.592284226190475493e+00,4.775064401465930253e+00,7.221806256102523136e+00
1.804511278195488622e+00,1.149624060150375160e-01,9.502361372180447852e-01,2.593839285714285126e+00,4.787042794957317327e+00,7.268245802476112516e+00
1.829573934837092519e+00,1.150313283208019427e-01,9.508058231516288705e-01,2.595394345238095202e+00,4.797485743040418527e+00,7.313149903441419575e+00
1.854636591478696639e+00,1.151002506265663555e-01,9.513755090852128449e-01,2.596949404761904834e+00,4.806393245715234741e+00,7.356518558998443424e+00
1.879699248120300759e+00,1.151691729323307684e-01,9.519451950187968192e-01,2.598504464285714022e+00,4.813765302981764194e+00,7.398351769147177848e+00
1.904761904761904656e+00,1.152380952380951673e-01,9.525148809523806825e-01,2.600059523809523654e+00,4.819601914840008661e+00,7.438649533887629062e+00
1.929824561403508554e+00,1.153070175438595940e-01,9.530845668859646569e-01,2.601614583333332842e+00,4.823903081289969030e+00,7.477411853219794402e+00
1.954887218045112673e+00,1.153759398496240068e-01,9.536542528195486312e-01,2.603169642857142918e+00,4.826668802331642638e+00,7.514638727143672092e+00
1.979949874686716793e+00,1.154448621553884058e-01,9.542239387531324946e-01,2.604724702380952106e+00,4.827899077965031260e+00,7.550330155659265685e+00
2.005012531328320691e+00,1.155137844611528186e-01,9.547936246867165799e-01,2.606279761904761294e+00,5.069972196115286600e+00,7.584486138766575181e+00
2.030075187969924588e+00,1.155827067669172314e-01,9.553633106203005543e-01,2.607834821428571370e+00,5.072997239191726848e+00,7.617106676465599691e+00
2.055137844611528486e+00,1.156516290726816304e-01,9.559329965538844176e-01,2.609389880952380558e+00,5.076022282268167984e+00,7.648191768756337439e+00
2.080200501253132828e+00,1.157205513784460432e-01,9.565026824874683919e-01,2.610944940476190190e+00,5.079047325344609121e+00,7.677741415638791089e+00
2.105263157894736725e+00,1.157894736842104561e-01,9.570723684210523663e-01,2.612499999999999378e+00,5.082072368421050257e+00,7.705755617112956202e+00
2.130325814536340623e+00,1.158583959899748550e-01,9.576420543546363406e-01,2.614055059523809010e+00,5.085097411497491393e+00,7.732234373178838105e+00
2.155388471177944965e+00,1.159273182957392678e-01,9.582117402882202040e-01,2.615610119047618642e+00,5.088122454573932529e+00,7.757177683836435023e+00
2.180451127819548862e+00,1.159962406015036807e-01,9.587814262218041783e-01,2.617165178571427830e+00,5.091147497650372777e+00,7.780585549085745178e+00
2.205513784461152760e+00,1.160651629072681074e-01,9.593511121553882637e-01,2.618720238095238351e+00,5.094172540726815690e+00,7.802457968926772125e+00
2.230576441102756657e+00,1.161340852130325202e-01,9.599207980889722380e-01,2.620275297619047539e+00,5.097197583803256826e+00,7.822794943359513198e+00
2.255639097744360555e+00,1.162030075187969330e-01,9.604904840225562124e-01,2.621830357142856727e+00,5.100222626879697074e+00,7.841596472383966621e+00
2.280701754385964897e+00,1.162719298245613458e-01,9.610601699561400757e-01,2.623385416666666803e+00,5.103247669956138211e+00,7.858862556000134170e+00
2.305764411027568794e+00,1.163408521303257448e-01,9.616298558897240500e-01,2.624940476190475991e+00,5.106272713032579347e+00,7.874593194208018510e+00
2.330827067669172692e+00,1.164097744360901576e-01,9.621995418233080244e-01,2.626495535714285179e+00,5.109297756109020483e+00,7.888788387007617864e+00
2.355889724310777034e+00,1.164786967418545843e-01,9.627692277568919987e-01,2.628050595238095255e+00,5.112322799185461619e+00,7.901448134398931344e+00
2.380952380952380931e+00,1.165476190476189833e-01,9.633389136904759731e-01,2.629605654761904443e+00,5.115347842261902755e+00,7.912572436381959839e+00
2.406015037593984829e+00,1.166165413533833961e-01,9.639085996240599474e-01,2.631160714285714075e+00,5.118372885338343892e+00,7.922161292956702461e+00
2.431077694235588726e+00,1.166854636591478089e-01,9.644782855576439218e-01,2.632715773809523263e+00,5.121397928414785028e+00,7.930214704123157432e+00
2.456140350877192624e+00,1.167543859649122079e-01,9.650479714912277851e-01,2.634270833333332895e+00,5.124422971491226164e+00,7.936732669881329194e+00
2.481203007518796966e+00,1.168233082706766207e-01,9.656176574248117594e-01,2.635825892857142527e+00,5.127448014567667300e+00,7.941715190231216859e+00
2.506265664160400863e+00,1.168922305764410335e-01,9.661873433583957338e-01,2.637380952380951715e+00,5.130473057644108437e+00,7.945162265172815985e+00
2.531328320802004761e+00,1.169611528822054325e-01,9.667570292919795971e-01,2.638936011904761791e+00,5.133498100720549573e+00,7.947073894706132791e+00
2.556390977443609103e+00,1.170300751879698453e-01,9.673267152255635715e-01,2.640491071428570979e+00,5.136523143796990709e+00,8.455422932330824537e+00
2.581453634085213000e+00,1.170989974937342581e-01,9.678964011591475458e-01,2.642046130952380167e+00,5.139548186873430957e+00,8.460402568922301469e+00
2.606516290726816898e+00,1.171679197994986571e-01,9.684660870927314091e-01,2.643601190476189799e+00,5.142573229949872093e+00,8.465382205513781955e+00
2.631578947368420796e+00,1.172368421052630977e-01,9.690357730263156055e-01,2.645156249999999876e+00,5.145598273026315006e+00,8.470361842105260664e+00
2.656641604010024693e+00,1.173057644110275105e-01,9.696054589598995799e-01,2.646711309523809508e+00,5.148623316102755254e+00,8.475341478696741149e+00
2.681704260651629035e+00,1.173746867167919095e-01,9.701751448934834432e-01,2.648266369047619140e+00,5.151648359179195502e+00,8.480321115288218081e+00
2.706766917293232932e+00,1.174436090225563223e-01,9.707448308270674175e-01,2.649821428571428328e+00,5.154673402255636638e+00,8.485300751879696790e+00
2.731829573934836830e+00,1.175125313283207351e-01,9.713145167606513919e-01,2.651376488095237960e+00,5.157698445332077775e+00,8.490280388471177275e+00
2.756892230576441172e+00,1.175814536340851479e-01,9.718842026942353662e-01,2.652931547619047148e+00,5.160723488408518911e+00,8.495260025062654208e+00
2.781954887218045069e+00,1.176503759398495608e-01,9.724538886278193406e-01,2.654486607142856780e+00,5.163748531484960047e+00,8.500239661654134693e+00
2.807017543859648967e+00,1.177192982456139736e-01,9.730235745614033149e-01,2.656041666666666412e+00,5.166773574561401183e+00,8.505219298245611625e+00
2.832080200501252865e+00,1.177882205513783864e-01,9.735932604949871783e-01,2.657596726190475600e+00,5.169798617637842320e+00,8.510198934837090334e+00
2.857142857142856762e+00,1.178571428571427854e-01,9.741629464285711526e-01,2.659151785714285676e+00,5.172823660714283456e+00,8.515178571428569043e+00
2.882205513784461104e+00,1.179260651629071982e-01,9.747326323621551269e-01,2.660706845238094864e+00,5.175848703790724592e+00,8.520158208020047752e+00
2.907268170426065002e+00,1.179949874686716110e-01,9.753023182957389903e-01,2.662261904761904052e+00,5.178873746867165728e+00,8.525137844611526461e+00
2.932330827067668899e+00,1.180639097744360100e-01,9.758720042293229646e-01,2.663816964285713684e+00,5.181898789943606864e+00,8.530117481203005170e+00
2.957393483709273241e+00,1.181328320802004228e-01,9.764416901629069390e-01,2.665372023809523316e+00,5.184923833020048001e+00,8.535097117794482102e+00
2.982456140350877138e+00,1.182017543859648356e-01,9.770113760964908023e-01,2.666927083333332948e+00,5.187948876096488249e+00,8.540076754385962587e+00
3.007518796992481036e+00,1.182706766917292623e-01,9.775810620300749987e-01,2.668482142857143025e+00,5.190973919172931161e+00,8.545056390977441296e+00
3.032581453634084934e+00,1.183395989974936752e-01,9.781507479636589730e-01,2.670037202380952213e+00,5.193998962249372298e+00,8.550036027568921781e+00
3.057644110275688831e+00,1.184085213032580880e-01,9.787204338972429474e-01,2.671592261904761845e+00,5.197024005325812546e+00,8.555015664160398714e+00
3.082706766917293173e+00,1.184774436090224869e-01,9.792901198308269217e-01,2.673147321428571033e+00,5.200049048402253682e+00,8.559995300751877423e+00
3.107769423558897071e+00,1.185463659147868998e-01,9.798598057644107850e-01,2.674702380952381109e+00,5.203074091478694818e+00,8.564974937343356132e+00
3.132832080200500968e+00,1.186152882205513126e-01,9.804294916979947594e-01,2.676257440476190297e+00,5.206099134555135954e+00,8.569954573934834841e+00
3.157894736842105310e+00,1.186842105263157116e-01,9.809991776315787337e-01,2.677812499999999485e+00,5.209124177631577091e+00,8.574934210526315326e+00
3.182957393483709208e+00,1.187531328320801244e-01,9.815688635651627081e-01,2.679367559523809561e+00,5.212149220708018227e+00,8.579913847117792258e+00
3.208020050125313105e+00,1.188220551378445511e-01,9.821385494987466824e-01,2.680922619047618749e+00,5.215174263784459363e+00,8.584893483709270967e+00
3.233082706766917003e+00,1.188909774436089500e-01,9.827082354323306568e-01,2.682477678571428381e+00,5.218199306860900499e+00,8.589873120300749676e+00
3.258145363408520900e+00,1.189598997493733629e-01,9.832779213659144091e-01,2.684032738095237569e+00,5.221224349937341636e+00,8.594852756892228385e+00
3.283208020050125242e+00,1.190288220551377757e-01,9.838476072994983834e-01,2.685587797619047201e+00,5.224249393013782772e+00,8.599832393483707094e+00
3.308270676691729140e+00,1.190977443609021885e-01,9.844172932330823578e-01,2.687142857142856833e+00,5.227274436090223020e+00,8.604812030075185803e+00
3.333333333333333037e+00,1.191666666666665875e-01,9.849869791666663321e-01,2.688697916666666021e+00,5.230299479166664156e+00,8.609791666666662735e+00
3.358395989974937379e+00,1.192355889724310003e-01,9.855566651002503065e-01,2.690252976190475653e+00,5.233324522243105292e+00,8.614771303258143220e+00
3.383458646616541277e+00,1.193045112781954409e-01,9.861263510338345029e-01,2.691808035714285730e+00,5.236349565319547317e+00,8.619750939849621929e+00
3.408521303258145174e+00,1.193734335839598121e-01,9.866960369674182552e-01,2.693363095238094473e+00,5.239374608395986677e+00,8.624730576441100638e+00
3.433583959899749072e+00,1.194423558897242527e-01,9.872657229010022295e-01,2.694918154761904994e+00,5.242399651472429589e+00,8.629710213032579347e+00
3.458646616541352969e+00,1.195112781954886655e-01,9.878354088345862039e-01,2.696473214285714182e+00,5.245424694548869837e+00,8.634689849624058056e+00
3.483709273182957311e+00,1.195802005012530644e-01,9.884050947681701782e-01,2.698028273809523370e+00,5.248449737625310973e+00,8.639669486215536764e+00
3.508771929824561209e+00,1.196491228070174773e-01,9.889747807017542636e-01,2.699583333333333446e+00,5.251474780701752110e+00,8.644649122807015473e+00
3.533834586466165106e+00,1.197180451127818901e-01,9.895444666353382379e-01,2.701138392857142634e+00,5.254499823778193246e+00,8.649628759398494182e+00
3.558897243107769448e+00,1.197869674185462890e-01,9.901141525689219902e-01,2.702693452380952266e+00,5.257524866854634382e+00,8.654608395989972891e+00
3.583959899749373346e+00,1.198558897243107019e-01,9.906838385025059646e-01,2.704248511904761454e+00,5.260549909931075518e+00,8.659588032581451600e+00
3.609022556390977243e+00,1.199248120300751147e-01,9.912535244360899389e-01,2.705803571428571086e+00,5.263574953007516655e+00,8.664567669172930309e+00
3.634085213032581141e+00,1.199937343358395275e-01,9.918232103696739133e-01,2.707358630952380718e+00,5.266599996083957791e+00,8.669547305764409018e+00
3.659147869674185038e+00,1.200626566416039404e-01,9.923928963032578876e-01,2.708913690476189906e+00,5.269625039160398927e+00,8.674526942355887726e+00
3.684210526315789380e+00,1.201315789473683532e-01,9.929625822368418619e-01,2.710468749999999982e+00,5.272650082236840063e+00,8.679506578947366435e+00
3.709273182957393278e+00,1.202005012531327521e-01,9.935322681704258363e-01,2.712023809523809170e+00,5.275675125313281200e+00,8.684486215538843368e+00
3.734335839598997175e+00,1.202694235588971650e-01,9.941019541040095886e-01,2.713578869047618358e+00,5.278700168389722336e+00,8.689465852130323853e+00
3.759398496240601517e+00,1.203383458646615778e-01,9.946716400375935629e-01,2.715133928571427990e+00,5.281725211466163472e+00,8.694445488721800785e+00
3.784461152882205415e+00,1.204072681704259906e-01,9.952413259711775373e-01,2.716688988095237622e+00,5.284750254542603720e+00,8.699425125313281271e+00
3.809523809523809312e+00,1.204761904761904173e-01,9.958110119047617337e-01,2.718244047619047254e+00,5.287775297619046633e+00,8.704404761904759980e+00
3.834586466165413210e+00,1.205451127819548302e-01,9.963806978383457080e-01,2.719799107142857331e+00,5.290800340695487769e+00,8.709384398496238688e+00
3.859649122807017108e+00,1.206140350877192430e-01,9.969503837719296824e-01,2.721354166666666519e+00,5.293825383771928017e+00,8.714364035087717397e+00
3.884711779448621449e+00,1.206829573934836419e-01,9.975200697055135457e-01,2.722909226190476151e+00,5.296850426848369153e+00,8.719343671679196106e+00
3.909774436090225347e+00,1.207518796992480548e-01,9.980897556390975200e-01,2.724464285714285339e+00,5.299875469924810290e+00,8.724323308270674815e+00
3.934837092731829244e+00,1.208208020050124676e-01,9.986594415726814944e-01,2.726019345238094971e+00,5.302900513001251426e+00,8.729302944862153524e+00
3.959899749373433586e+00,1.208897243107768665e-01,9.992291275062654687e-01,2.727574404761904603e+00,5.305925556077691674e+00,8.734282581453630456e+00
3.984962406015037484e+00,1.209586466165412794e-01,9.997988134398494431e-01,2.729129464285713791e+00,5.308950599154132810e+00,8.739262218045110941e+00
4.010025062656641381e+00,1.210275689223056922e-01,1.000368499373433417e+00,2.730684523809523867e+00,5.311975642230573946e+00,8.744241854636587874e+00
4.035087719298245723e+00,1.210964912280700911e-01,1.000938185307017170e+00,2.732239583333333055e+00,5.315000685307015083e+00,8.749221491228068359e+00
4.060150375939849177e+00,1.211654135338345178e-01,1.001507871240601144e+00,2.733794642857142243e+00,5.318025728383456219e+00,8.754201127819547068e+00
4.085213032581453518e+00,1.212343358395989307e-01,1.002077557174185118e+00,2.735349702380951875e+00,5.321050771459897355e+00,8.759180764411024001e+00
4.110275689223056972e+00,1.213032581453633296e-01,1.002647243107769093e+00,2.736904761904761507e+00,5.324075814536338491e+00,8.764160401002504486e+00
4.135338345864661314e+00,1.213721804511277425e-01,1.003216929041353067e+00,2.738459821428571139e+00,5.327100857612779627e+00,8.769140037593981418e+00
4.160401002506265655e+00,1.214411027568921553e-01,1.003786614974937041e+00,2.740014880952380327e+00,5.330125900689220764e+00,8.774119674185461903e+00
4.185463659147869109e+00,1.215100250626565542e-01,1.004356300908520794e+00,2.741569940476189959e+00,5.333150943765661012e+00,8.779099310776938836e+00
4.210526315789473450e+00,1.215789473684209671e-01,1.004925986842104768e+00,2.743124999999999591e+00,5.336175986842102148e+00,8.784078947368417545e+00
4.235588972431077792e+00,1.216478696741854076e-01,1.005495672775688965e+00,2.744680059523809224e+00,5.339201029918545061e+00,8.789058583959898030e+00
4.260651629072681246e+00,1.217167919799498066e-01,1.006065358709272939e+00,2.746235119047618856e+00,5.342226072994985309e+00,8.794038220551376739e+00
4.285714285714285587e+00,1.217857142857142194e-01,1.006635044642856913e+00,2.747790178571428488e+00,5.345251116071426445e+00,8.799017857142855448e+00
4.310776942355889929e+00,1.218546365914786322e-01,1.007204730576440888e+00,2.749345238095237676e+00,5.348276159147867581e+00,8.803997493734334157e+00
4.335839598997493383e+00,1.219235588972430451e-01,1.007774416510024640e+00,2.750900297619047752e+00,5.351301202224308717e+00,8.808977130325811089e+00
4.360902255639097724e+00,1.219924812030074440e-01,1.008344102443608614e+00,2.752455357142856940e+00,5.354326245300749854e+00,8.813956766917291574e+00
4.385964912280701178e+00,1.220614035087718569e-01,1.008913788377192589e+00,2.754010416666666128e+00,5.357351288377190990e+00,8.818936403508768507e+00
4.411027568922305520e+00,1.221303258145362697e-01,1.009483474310776785e+00,2.755565476190475760e+00,5.360376331453632126e+00,8.823916040100248992e+00
4.436090225563909861e+00,1.221992481203006686e-01,1.010053160244360759e+00,2.757120535714285392e+00,5.363401374530073262e+00,8.828895676691725924e+00
4.461152882205513315e+00,1.222681704260650815e-01,1.010622846177944734e+00,2.758675595238095024e+00,5.366426417606514399e+00,8.833875313283204633e+00
4.486215538847117656e+00,1.223370927318294943e-01,1.011192532111528708e+00,2.760230654761904212e+00,5.369451460682955535e+00,8.838854949874685119e+00
4.511278195488721110e+00,1.224060150375938932e-01,1.011762218045112460e+00,2.761785714285713844e+00,5.372476503759396671e+00,8.843834586466162051e+00
4.536340852130325452e+00,1.224749373433583061e-01,1.012331903978696435e+00,2.763340773809523476e+00,5.375501546835837807e+00,8.848814223057642536e+00
4.561403508771929793e+00,1.225438596491227189e-01,1.012901589912280409e+00,2.764895833333332664e+00,5.378526589912278943e+00,8.853793859649119469e+00
4.586466165413533247e+00,1.226127819548871178e-01,1.013471275845864383e+00,2.766450892857142296e+00,5.381551632988719192e+00,8.858773496240598178e+00
4.611528822055137589e+00,1.226817042606515584e-01,1.014040961779448580e+00,2.768005952380952372e+00,5.384576676065161216e+00,8.863753132832078663e+00
4.636591478696741930e+00,1.227506265664159713e-01,1.014610647713032554e+00,2.769561011904761560e+00,5.387601719141602352e+00,8.868732769423557372e+00
4.661654135338345384e+00,1.228195488721803702e-01,1.015180333646616306e+00,2.771116071428571193e+00,5.390626762218042600e+00,8.873712406015036080e+00
4.686716791979949726e+00,1.228884711779447830e-01,1.015750019580200281e+00,2.772671130952380825e+00,5.393651805294483736e+00,8.878692042606514789e+00
4.711779448621554067e+00,1.229573934837092236e-01,1.016319705513784255e+00,2.774226190476190457e+00,5.396676848370924873e+00,8.883671679197993498e+00
4.736842105263157521e+00,1.230263157894736226e-01,1.016889391447368229e+00,2.775781249999999645e+00,5.399701891447366009e+00,8.888651315789472207e+00
4.761904761904761862e+00,1.230952380952380354e-01,1.017459077380952204e+00,2.777336309523809277e+00,5.402726934523807145e+00,8.893630952380949140e+00
4.786967418546365316e+00,1.231641604010024482e-01,1.018028763314536178e+00,2.778891369047618909e+00,5.405751977600248281e+00,8.898610588972429625e+00
4.812030075187969658e+00,1.232330827067668610e-01,1.018598449248119930e+00,2.780446428571428097e+00,5.408777020676689418e+00,8.903590225563906557e+00
4.837092731829573999e+00,1.233020050125312600e-01,1.019168135181703905e+00,2.782001488095237729e+00,5.411802063753130554e+00,8.908569862155387042e+00
4.862155388471177453e+00,1.233709273182956728e-01,1.019737821115287879e+00,2.783556547619047361e+00,5.414827106829571690e+00,8.913549498746863975e+00
4.887218045112781795e+00,1.234398496240600857e-01,1.020307507048871853e+00,2.785111607142856549e+00,5.417852149906012826e+00,8.918529135338342684e+00
4.912280701754385248e+00,1.235087719298244846e-01,1.020877192982455828e+00,2.786666666666666181e+00,5.420877192982453963e+00,8.923508771929821393e+00
4.937343358395989590e+00,1.235776942355888974e-01,1.021446878916039802e+00,2.788221726190475813e+00,5.423902236058895099e+00,8.928488408521300101e+00
4.962406015037593932e+00,1.236466165413533103e-01,1.022016564849623554e+00,2.789776785714285001e+00,5.426927279135335347e+00,8.933468045112780587e+00
4.987468671679197385e+00,1.237155388471177092e-01,1.022586250783207529e+00,2.791331845238094633e+00,5.429952322211776483e+00,8.938447681704257519e+00
5.012531328320801727e+00,1.237844611528821220e-01,1.023155936716791503e+00,2.792886904761904265e+00,5.432977365288217619e+00,8.943427318295736228e+00
5.037593984962406068e+00,1.238533834586465626e-01,1.023725622650375700e+00,2.794441964285714342e+00,5.436002408364660532e+00,8.948406954887216713e+00
5.062656641604009522e+00,1.239223057644109616e-01,1.024295308583959674e+00,2.795997023809523530e+00,5.439027451441100780e+00,8.953386591478695422e+00
5.087719298245613864e+00,1.239912280701753744e-01,1.024864994517543648e+00,2.797552083333333162e+00,5.442052494517541916e+00,8.958366228070174131e+00
5.112781954887218205e+00,1.240601503759397872e-01,1.025434680451127401e+00,2.799107142857142794e+00,5.445077537593983052e+00,8.963345864661652840e+00
5.137844611528821659e+00,1.241290726817041862e-01,1.026004366384711375e+00,2.800662202380951982e+00,5.448102580670424189e+00,8.968325501253129772e+00
5.162907268170426001e+00,1.241979949874685990e-01,1.026574052318295571e+00,2.802217261904761614e+00,5.451127623746865325e+00,8.973305137844610258e+00
5.187969924812029454e+00,1.242669172932330118e-01,1.027143738251879546e+00,2.803772321428571246e+00,5.454152666823306461e+00,8.978284774436087190e+00
5.213032581453633796e+00,1.243358395989974108e-01,1.027713424185463520e+00,2.805327380952380434e+00,5.457177709899747597e+00,8.983264411027567675e+00
5.238095238095238138e+00,1.244047619047618236e-01,1.028283110119047494e+00,2.806882440476190066e+00,5.460202752976187845e+00,8.988244047619044608e+00
5.263157894736841591e+00,1.244736842105262364e-01,1.028852796052631247e+00,2.808437499999999698e+00,5.463227796052628982e+00,8.993223684210523317e+00
5.288220551378445933e+00,1.245426065162906493e-01,1.029422481986215221e+00,2.809992559523808886e+00,5.466252839129070118e+00,8.998203320802002025e+00
5.313283208020049386e+00,1.246115288220550482e-01,1.029992167919799195e+00,2.811547619047618518e+00,5.469277882205511254e+00,9.003182957393480734e+00
5.338345864661653728e+00,1.246804511278194610e-01,1.030561853853383170e+00,2.813102678571428150e+00,5.472302925281952390e+00,9.008162593984959443e+00
5.363408521303258070e+00,1.247493734335838739e-01,1.031131539786967144e+00,2.814657738095237782e+00,5.475327968358392638e+00,9.013142230576438152e+00
5.388471177944861523e+00,1.248182957393482728e-01,1.031701225720551118e+00,2.816212797619046970e+00,5.478353011434833775e+00,9.018121867167916861e+00
5.413533834586465865e+00,1.248872180451127134e-01,1.032270911654135093e+00,2.817767857142857046e+00,5.481378054511276687e+00,9.023101503759397346e+00
5.438596491228070207e+00,1.249561403508771262e-01,1.032840597587719067e+00,2.819322916666666679e+00,5.484403097587716935e+00,9.028081140350876055e+00
5.463659147869673660e+00,1.250250626566415391e-01,1.033410283521303041e+00,2.820877976190475867e+00,5.487428140664158072e+00,9.033060776942354764e+00
5.488721804511278002e+00,1.250939849624059241e-01,1.033979969454887016e+00,2.822433035714285499e+00,5.490453183740599208e+00,9.038040413533833473e+00
5.513784461152882344e+00,1.251629072681703370e-01,1.034549655388470990e+00,2.823988095238095131e+00,5.493478226817040344e+00,9.043020050125310405e+00
5.538847117794485797e+00,1.252318295739347498e-01,1.035119341322054964e+00,2.825543154761904319e+00,5.496503269893481480e+00,9.047999686716790890e+00
5.563909774436090139e+00,1.253007518796991904e-01,1.035689027255638939e+00,2.827098214285713951e+00,5.499528312969922617e+00,9.052979323308267823e+00
5.588972431077693592e+00,1.253696741854636032e-01,1.036258713189222691e+00,2.828653273809523583e+00,5.502553356046363753e+00,9.057958959899748308e+00
5.614035087719297934e+00,1.254385964912280160e-01,1.036828399122806665e+00,2.830208333333333215e+00,5.505578399122804889e+00,9.062938596491225240e+00
5.639097744360902276e+00,1.255075187969924289e-01,1.037398085056390640e+00,2.831763392857142403e+00,5.508603442199246025e+00,9.067918233082703949e+00
5.664160401002505729e+00,1.255764411027568139e-01,1.037967770989974614e+00,2.833318452380951591e+00,5.511628485275687162e+00,9.072897869674182658e+00
5.689223057644110071e+00,1.256453634085212268e-01,1.038537456923558588e+00,2.834873511904761667e+00,5.514653528352128298e+00,9.077877506265661367e+00
5.714285714285713524e+00,1.257142857142856396e-01,1.039107142857142563e+00,2.836428571428570855e+00,5.517678571428569434e+00,9.082857142857140076e+00
5.739348370927317866e+00,1.257832080200500524e-01,1.039676828790726315e+00,2.837983630952380487e+00,5.520703614505010570e+00,9.087836779448618785e+00
5.764411027568922208e+00,1.258521303258144652e-01,1.040246514724310289e+00,2.839538690476190119e+00,5.523728657581450818e+00,9.092816416040095717e+00
5.789473684210525661e+00,1.259210526315788781e-01,1.040816200657894264e+00,2.841093749999999307e+00,5.526753700657891955e+00,9.097796052631576202e+00
5.814536340852130003e+00,1.259899749373432631e-01,1.041385886591478238e+00,2.842648809523808939e+00,5.529778743734333091e+00,9.102775689223054911e+00
5.839598997493734345e+00,1.260588972431077037e-01,1.041955572525062435e+00,2.844203869047619015e+00,5.532803786810775115e+00,9.107755325814535396e+00
5.864661654135337798e+00,1.261278195488721166e-01,1.042525258458646409e+00,2.845758928571428203e+00,5.535828829887216251e+00,9.112734962406014105e+00
5.889724310776942140e+00,1.261967418546365294e-01,1.043094944392230161e+00,2.847313988095237836e+00,5.538853872963656499e+00,9.117714598997491038e+00
5.914786967418546482e+00,1.262656641604009422e-01,1.043664630325814358e+00,2.848869047619047468e+00,5.541878916040097636e+00,9.122694235588971523e+00
5.939849624060149935e+00,1.263345864661653550e-01,1.044234316259398332e+00,2.850424107142857100e+00,5.544903959116538772e+00,9.127673872180448456e+00
5.964912280701754277e+00,1.264035087719297401e-01,1.044804002192982306e+00,2.851979166666666288e+00,5.547929002192979908e+00,9.132653508771928941e+00
5.989974937343357730e+00,1.264724310776941529e-01,1.045373688126566281e+00,2.853534226190475476e+00,5.550954045269421044e+00,9.137633145363405873e+00
6.015037593984962072e+00,1.265413533834585658e-01,1.045943374060150255e+00,2.855089285714285552e+00,5.553979088345862181e+00,9.142612781954884582e+00
6.040100250626566414e+00,1.266102756892229786e-01,1.046513059993734007e+00,2.856644345238094740e+00,5.557004131422303317e+00,9.147592418546363291e+00
6.065162907268169867e+00,1.266791979949873914e-01,1.047082745927317982e+00,2.858199404761904372e+00,5.560029174498744453e+00,9.152572055137842000e+00
6.090225563909774209e+00,1.267481203007518042e-01,1.047652431860901956e+00,2.859754464285714004e+00,5.563054217575185589e+00,9.157551691729320709e+00
6.115288220551377663e+00,1.268170426065162171e-01,1.048222117794485930e+00,2.861309523809523192e+00,5.566079260651626726e+00,9.162531328320799417e+00
6.140350877192982004e+00,1.268859649122806021e-01,1.048791803728069905e+00,2.862864583333332824e+00,5.569104303728067862e+00,9.167510964912276350e+00
6.165413533834586346e+00,1.269548872180450427e-01,1.049361489661654101e+00,2.864419642857142900e+00,5.572129346804509886e+00,9.172490601503758612e+00
6.190476190476189799e+00,1.270238095238094278e-01,1.049931175595237853e+00,2.865974702380952088e+00,5.575154389880949246e+00,9.177470238095233768e+00
6.215538847117794141e+00,1.270927318295738684e-01,1.050500861528821828e+00,2.867529761904761720e+00,5.578179432957392159e+00,9.182449874686716029e+00
6.240601503759398483e+00,1.271616541353382812e-01,1.051070547462405802e+00,2.869084821428571352e+00,5.581204476033832407e+00,9.187429511278192962e+00
6.265664160401001936e+00,1.272305764411026940e-01,1.051640233395989776e+00,2.870639880952380985e+00,5.584229519110273543e+00,9.192409147869671671e+00
6.290726817042606278e+00,1.272994987468670791e-01,1.052209919329573751e+00,2.872194940476190173e+00,5.587254562186714679e+00,9.197388784461152156e+00
6.315789473684210620e+00,1.273684210526314919e-01,1.052779605263157725e+00,2.873749999999999361e+00,5.590279605263155815e+00,9.202368421052629088e+00
6.340852130325814073e+00,1.274373433583959048e-01,1.053349291196741699e+00,2.875305059523809437e+00,5.593304648339596952e+00,9.207348057644109574e+00
6.365914786967418415e+00,1.275062656641603176e-01,1.053918977130325452e+00,2.876860119047618625e+00,5.596329691416038088e+00,9.212327694235586506e+00
6.390977443609021869e+00,1.275751879699247582e-01,1.054488663063909426e+00,2.878415178571428257e+00,5.599354734492479224e+00,9.217307330827065215e+00
6.416040100250626210e+00,1.276441102756891710e-01,1.055058348997493400e+00,2.879970238095237889e+00,5.602379777568920360e+00,9.222286967418543924e+00
6.441102756892230552e+00,1.277130325814535561e-01,1.055628034931077375e+00,2.881525297619047077e+00,5.605404820645361497e+00,9.227266604010022633e+00
6.466165413533834005e+00,1.277819548872179689e-01,1.056197720864661349e+00,2.883080357142856709e+00,5.608429863721802633e+00,9.232246240601501341e+00
6.491228070175438347e+00,1.278508771929823817e-01,1.056767406798245323e+00,2.884635416666665897e+00,5.611454906798243769e+00,9.237225877192980050e+00
6.516290726817041801e+00,1.279197994987467946e-01,1.057337092731829076e+00,2.886190476190475973e+00,5.614479949874684905e+00,9.242205513784456983e+00
6.541353383458646142e+00,1.279887218045112074e-01,1.057906778665413050e+00,2.887745535714285161e+00,5.617504992951125153e+00,9.247185150375937468e+00
6.566416040100250484e+00,1.280576441102756202e-01,1.058476464598997024e+00,2.889300595238094349e+00,5.620530036027565401e+00,9.252164786967414400e+00
6.591478696741853938e+00,1.281265664160400330e-01,1.059046150532581221e+00,2.890855654761904869e+00,5.623555079104008314e+00,9.257144423558896662e+00
6.616541353383458279e+00,1.281954887218044181e-01,1.059615836466164973e+00,2.892410714285713613e+00,5.626580122180447674e+00,9.262124060150371818e+00
6.641604010025062621e+00,1.282644110275688587e-01,1.060185522399749170e+00,2.893965773809523689e+00,5.629605165256889698e+00,9.267103696741852303e+00
6.666666666666666075e+00,1.283333333333332715e-01,1.060755208333333144e+00,2.895520833333333321e+00,5.632630208333330835e+00,9.272083333333331012e+00
6.691729323308270416e+00,1.284022556390976844e-01,1.061324894266917118e+00,2.897075892857142509e+00,5.635655251409771971e+00,9.277062969924809721e+00
6.716791979949874758e+00,1.284711779448620972e-01,1.061894580200501093e+00,2.898630952380952142e+00,5.638680294486213107e+00,9.282042606516290206e+00
6.741854636591478211e+00,1.285401002506265100e-01,1.062464266134085067e+00,2.900186011904761774e+00,5.641705337562654243e+00,9.287022243107767139e+00
6.766917293233082553e+00,1.286090225563908951e-01,1.063033952067669041e+00,2.901741071428570962e+00,5.644730380639095380e+00,9.292001879699245848e+00
6.791979949874686007e+00,1.286779448621553079e-01,1.063603638001253016e+00,2.903296130952380594e+00,5.647755423715536516e+00,9.296981516290724556e+00
6.817042606516290348e+00,1.287468671679197207e-01,1.064173323934836768e+00,2.904851190476189782e+00,5.650780466791977652e+00,9.301961152882203265e+00
6.842105263157894690e+00,1.288157894736841336e-01,1.064743009868420742e+00,2.906406249999999858e+00,5.653805509868418788e+00,9.306940789473681974e+00
6.867167919799498144e+00,1.288847117794485464e-01,1.065312695802004717e+00,2.907961309523809046e+00,5.656830552944859924e+00,9.311920426065160683e+00
6.892230576441102485e+00,1.289536340852129592e-01,1.065882381735588691e+00,2.909516369047618234e+00,5.659855596021301061e+00,9.316900062656637616e+00
6.917293233082705939e+00,1.290225563909773443e-01,1.066452067669172665e+00,2.911071428571428310e+00,5.662880639097742197e+00,9.321879699248118101e+00
6.942355889724310281e+00,1.290914786967417571e-01,1.067021753602756640e+00,2.912626488095237498e+00,5.665905682174183333e+00,9.326859335839595033e+00
6.967418546365914622e+00,1.291604010025061977e-01,1.067591439536340614e+00,2.914181547619047574e+00,5.668930725250625358e+00,9.331838972431077295e+00
6.992481203007518076e+00,1.292293233082705828e-01,1.068161125469924366e+00,2.915736607142856318e+00,5.671955768327064717e+00,9.336818609022552451e+00
7.017543859649122417e+00,1.292982456140350234e-01,1.068730811403508563e+00,2.917291666666666394e+00,5.674980811403507630e+00,9.341798245614032936e+00
7.042606516290726759e+00,1.293671679197994362e-01,1.069300497337092537e+00,2.918846726190476026e+00,5.678005854479947878e+00,9.346777882205511645e+00
7.067669172932330213e+00,1.294360902255638490e-01,1.069870183270676511e+00,2.920401785714285658e+00,5.681030897556389014e+00,9.351757518796990354e+00
7.092731829573934554e+00,1.295050125313282341e-01,1.070439869204260486e+00,2.921956845238095291e+00,5.684055940632830151e+00,9.356737155388469063e+00
7.117794486215538896e+00,1.295739348370926469e-01,1.071009555137844238e+00,2.923511904761904479e+00,5.687080983709271287e+00,9.361716791979947772e+00
7.142857142857142350e+00,1.296428571428570597e-01,1.071579241071428212e+00,2.925066964285713667e+00,5.690106026785712423e+00,9.366696428571426480e+00
7.167919799498746691e+00,1.297117794486214726e-01,1.072148927005012187e+00,2.926622023809523743e+00,5.693131069862152671e+00,9.371676065162905189e+00
7.192982456140350145e+00,1.297807017543858854e-01,1.072718612938596161e+00,2.928177083333332931e+00,5.696156112938593807e+00,9.376655701754383898e+00
7.218045112781954487e+00,1.298496240601502982e-01,1.073288298872180135e+00,2.929732142857142563e+00,5.699181156015034944e+00,9.381635338345862607e+00
7.243107769423558828e+00,1.299185463659147111e-01,1.073857984805764110e+00,2.931287202380952195e+00,5.702206199091476080e+00,9.386614974937341316e+00
7.268170426065162282e+00,1.299874686716791239e-01,1.074427670739348084e+00,2.932842261904761383e+00,5.705231242167917216e+00,9.391594611528818248e+00
7.293233082706766623e+00,1.300563909774435367e-01,1.074997356672931836e+00,2.934397321428571015e+00,5.708256285244358352e+00,9.396574248120298734e+00
7.318295739348370077e+00,1.301253132832079495e-01,1.075567042606515811e+00,2.935952380952380203e+00,5.711281328320799489e+00,9.401553884711775666e+00
7.343358395989974419e+00,1.301942355889723624e-01,1.076136728540099785e+00,2.937507440476189835e+00,5.714306371397240625e+00,9.406533521303256151e+00
7.368421052631578760e+00,1.302631578947367752e-01,1.076706414473683759e+00,2.939062499999999467e+00,5.717331414473680873e+00,9.411513157894733084e+00
7.393483709273182214e+00,1.303320802005011880e-01,1.077276100407267956e+00,2.940617559523809543e+00,5.720356457550123785e+00,9.416492794486213569e+00
7.418546365914786556e+00,1.304010025062655731e-01,1.077845786340851930e+00,2.942172619047618731e+00,5.723381500626563145e+00,9.421472431077690501e+00
7.443609022556390897e+00,1.304699248120300137e-01,1.078415472274435905e+00,2.943727678571428363e+00,5.726406543703005170e+00,9.426452067669170987e+00
7.468671679197994351e+00,1.305388471177944265e-01,1.078985158208019879e+00,2.945282738095237551e+00,5.729431586779446306e+00,9.431431704260649695e+00
7.493734335839598693e+00,1.306077694235588393e-01,1.079554844141603853e+00,2.946837797619047628e+00,5.732456629855887442e+00,9.436411340852128404e+00
7.518796992481203034e+00,1.306766917293232522e-01,1.080124530075187828e+00,2.948392857142856815e+00,5.735481672932328578e+00,9.441390977443605337e+00
7.543859649122806488e+00,1.307456140350876372e-01,1.080694216008771802e+00,2.949947916666666448e+00,5.738506716008769715e+00,9.446370614035085822e+00
7.568922305764410829e+00,1.308145363408520501e-01,1.081263901942355776e+00,2.951502976190476080e+00,5.741531759085210851e+00,9.451350250626562755e+00
7.593984962406014283e+00,1.308834586466164629e-01,1.081833587875939529e+00,2.953058035714285268e+00,5.744556802161651987e+00,9.456329887218043240e+00
7.619047619047618625e+00,1.309523809523808757e-01,1.082403273809523503e+00,2.954613095238094900e+00,5.747581845238093123e+00,9.461309523809521949e+00
7.644110275689222966e+00,1.310213032581452886e-01,1.082972959743107477e+00,2.956168154761904088e+00,5.750606888314534260e+00,9.466289160400998881e+00
7.669172932330826420e+00,1.310902255639097014e-01,1.083542645676691452e+00,2.957723214285714164e+00,5.753631931390975396e+00,9.471268796992479366e+00
7.694235588972430762e+00,1.311591478696741142e-01,1.084112331610275426e+00,2.959278273809523352e+00,5.756656974467416532e+00,9.476248433583956299e+00
7.719298245614034215e+00,1.312280701754384993e-01,1.084682017543859400e+00,2.960833333333332540e+00,5.759682017543857668e+00,9.481228070175436784e+00
7.744360902255638557e+00,1.312969924812029121e-01,1.085251703477443153e+00,2.962388392857142616e+00,5.762707060620298805e+00,9.486207706766913716e+00
7.769423558897242899e+00,1.313659147869673527e-01,1.085821389411027349e+00,2.963943452380952248e+00,5.765732103696740829e+00,9.491187343358395978e+00
7.794486215538846352e+00,1.314348370927317378e-01,1.086391075344611101e+00,2.965498511904760992e+00,5.768757146773180189e+00,9.496166979949871134e+00
7.819548872180450694e+00,1.315037593984961783e-01,1.086960761278195298e+00,2.967053571428571512e+00,5.771782189849622213e+00,9.501146616541351619e+00
7.844611528822055035e+00,1.315726817042605912e-01,1.087530447211779272e+00,2.968608630952380700e+00,5.774807232926062461e+00,9.506126253132830328e+00
7.869674185463658489e+00,1.316416040100249762e-01,1.088100133145363246e+00,2.970163690476190332e+00,5.777832276002503598e+00,9.511105889724309037e+00
7.894736842105262831e+00,1.317105263157893891e-01,1.088669819078946999e+00,2.971718749999999964e+00,5.780857319078944734e+00,9.516085526315787746e+00
7.919799498746867172e+00,1.317794486215538019e-01,1.089239505012530973e+00,2.973273809523809152e+00,5.783882362155385870e+00,9.521065162907266455e+00
7.944862155388470626e+00,1.318483709273182147e-01,1.089809190946114947e+00,2.974828869047618785e+00,5.786907405231827006e+00,9.526044799498743387e+00
7.969924812030074968e+00,1.319172932330826276e-01,1.090378876879698922e+00,2.976383928571427973e+00,5.789932448308268143e+00,9.531024436090223872e+00
7.994987468671678421e+00,1.319862155388470404e-01,1.090948562813282896e+00,2.977938988095238049e+00,5.792957491384709279e+00,9.536004072681700805e+00
8.020050125313282763e+00,1.320551378446114255e-01,1.091518248746866870e+00,2.979494047619047237e+00,5.795982534461150415e+00,9.540983709273181290e+00
8.045112781954886216e+00,1.321240601503758383e-01,1.092087934680450845e+00,2.981049107142856425e+00,5.799007577537591551e+00,9.545963345864659999e+00
8.070175438596491446e+00,1.321929824561402511e-01,1.092657620614034597e+00,2.982604166666666501e+00,5.802032620614032687e+00,9.550942982456136932e+00
8.095238095238094900e+00,1.322619047619046917e-01,1.093227306547618571e+00,2.984159226190475689e+00,5.805057663690473824e+00,9.555922619047617417e+00
8.120300751879698353e+00,1.323308270676691045e-01,1.093796992481202546e+00,2.985714285714285321e+00,5.808082706766914960e+00,9.560902255639094349e+00
8.145363408521303583e+00,1.323997493734335451e-01,1.094366678414786742e+00,2.987269345238095397e+00,5.811107749843356984e+00,9.565881892230576611e+00
8.170426065162907037e+00,1.324686716791979302e-01,1.094936364348370716e+00,2.988824404761904141e+00,5.814132792919796344e+00,9.570861528822051767e+00
8.195488721804510490e+00,1.325375939849623430e-01,1.095506050281954913e+00,2.990379464285714217e+00,5.817157835996239257e+00,9.575841165413532252e+00
8.220551378446113944e+00,1.326065162907267281e-01,1.096075736215538443e+00,2.991934523809522961e+00,5.820182879072678617e+00,9.580820802005009185e+00
8.245614035087719174e+00,1.326754385964911687e-01,1.096645422149122640e+00,2.993489583333333037e+00,5.823207922149120641e+00,9.585800438596489670e+00
8.270676691729322627e+00,1.327443609022555815e-01,1.097215108082706614e+00,2.995044642857142669e+00,5.826232965225561777e+00,9.590780075187968379e+00
8.295739348370926081e+00,1.328132832080199943e-01,1.097784794016290588e+00,2.996599702380951857e+00,5.829258008302002914e+00,9.595759711779447088e+00
8.320802005012531311e+00,1.328822055137844071e-01,1.098354479949874563e+00,2.998154761904761934e+00,5.832283051378444050e+00,9.600739348370924020e+00
8.345864661654134764e+00,1.329511278195487922e-01,1.098924165883458537e+00,2.999709821428571122e+00,5.835308094454885186e+00,9.605718984962404505e+00
8.370927318295738218e+00,1.330200501253132050e-01,1.099493851817042289e+00,3.001264880952380310e+00,5.838333137531326322e+00,9.610698621553881438e+00
8.395989974937343447e+00,1.330889724310776179e-01,1.100063537750626264e+00,3.002819940476190386e+00,5.841358180607767459e+00,9.615678258145361923e+00
8.421052631578946901e+00,1.331578947368420307e-01,1.100633223684210238e+00,3.004374999999999574e+00,5.844383223684208595e+00,9.620657894736838855e+00
8.446115288220550354e+00,1.332268170426064435e-01,1.101202909617794212e+00,3.005930059523809206e+00,5.847408266760648843e+00,9.625637531328317564e+00
8.471177944862155584e+00,1.332957393483708564e-01,1.101772595551378187e+00,3.007485119047618394e+00,5.850433309837089979e+00,9.630617167919798050e+00
8.496240601503759038e+00,1.333646616541352414e-01,1.102342281484962161e+00,3.009040178571428026e+00,5.853458352913531115e+00,9.635596804511274982e+00
8.521303258145362491e+00,1.334335839598996543e-01,1.102911967418545913e+00,3.010595238095237658e+00,5.856483395989972252e+00,9.640576441102755467e+00
8.546365914786967721e+00,1.335025062656640671e-01,1.103481653352129888e+00,3.012150297619046846e+00,5.859508439066413388e+00,9.645556077694232400e+00
8.571428571428571175e+00,1.335714285714285077e-01,1.104051339285714084e+00,3.013705357142857366e+00,5.862533482142855412e+00,9.650535714285712885e+00
8.596491228070174628e+00,1.336403508771928927e-01,1.104621025219297836e+00,3.015260416666666110e+00,5.865558525219294772e+00,9.655515350877189817e+00
8.621553884711779858e+00,1.337092731829573333e-01,1.105190711152882033e+00,3.016815476190475742e+00,5.868583568295737685e+00,9.660494987468670303e+00
8.646616541353383312e+00,1.337781954887217462e-01,1.105760397086466007e+00,3.018370535714285818e+00,5.871608611372177933e+00,9.665474624060149011e+00
8.671679197994986765e+00,1.338471177944861312e-01,1.106330083020049759e+00,3.019925595238095006e+00,5.874633654448619069e+00,9.670454260651627720e+00
8.696741854636590219e+00,1.339160401002505441e-01,1.106899768953633734e+00,3.021480654761904638e+00,5.877658697525060205e+00,9.675433897243104653e+00
8.721804511278195449e+00,1.339849624060149569e-01,1.107469454887217708e+00,3.023035714285714270e+00,5.880683740601501341e+00,9.680413533834585138e+00
8.746867167919798902e+00,1.340538847117793697e-01,1.108039140820801682e+00,3.024590773809523458e+00,5.883708783677942478e+00,9.685393170426062071e+00
8.771929824561402356e+00,1.341228070175437825e-01,1.108608826754385657e+00,3.026145833333333091e+00,5.886733826754383614e+00,9.690372807017542556e+00
8.796992481203007586e+00,1.341917293233081954e-01,1.109178512687969631e+00,3.027700892857142279e+00,5.889758869830824750e+00,9.695352443609019488e+00
8.822055137844611039e+00,1.342606516290725804e-01,1.109748198621553383e+00,3.029255952380951911e+00,5.892783912907265886e+00,9.700332080200498197e+00
8.847117794486214493e+00,1.343295739348369933e-01,1.110317884555137358e+00,3.030811011904761543e+00,5.895808955983707023e+00,9.705311716791976906e+00
8.872180451127819723e+00,1.343984962406014061e-01,1.110887570488721332e+00,3.032366071428570731e+00,5.898833999060148159e+00,9.710291353383455615e+00
8.897243107769423176e+00,1.344674185463658189e-01,1.111457256422305528e+00,3.033921130952380807e+00,5.901859042136589295e+00,9.715270989974934324e+00
8.922305764411026630e+00,1.345363408521302595e-01,1.112026942355889503e+00,3.035476190476189995e+00,5.904884085213030431e+00,9.720250626566413032e+00
8.947368421052631859e+00,1.346052631578946723e-01,1.112596628289473699e+00,3.037031249999999627e+00,5.907909128289472456e+00,9.725230263157893518e+00
8.972431077694235313e+00,1.346741854636590574e-01,1.113166314223057451e+00,3.038586309523808815e+00,5.910934171365911816e+00,9.730209899749370450e+00
8.997493734335838766e+00,1.347431077694234980e-01,1.113736000156641426e+00,3.040141369047618891e+00,5.913959214442354728e+00,9.735189536340850935e+00
9.022556390977442220e+00,1.348120300751878831e-01,1.114305686090225178e+00,3.041696428571428079e+00,5.916984257518794088e+00,9.740169172932327868e+00
9.047619047619047450e+00,1.348809523809523236e-01,1.114875372023809375e+00,3.043251488095238155e+00,5.920009300595236112e+00,9.745148809523808353e+00
9.072681704260650903e+00,1.349498746867167365e-01,1.115445057957393349e+00,3.044806547619047343e+00,5.923034343671677249e+00,9.750128446115285286e+00
9.097744360902254357e+00,1.350187969924811493e-01,1.116014743890977323e+00,3.046361607142856975e+00,5.926059386748117497e+00,9.755108082706765771e+00
9.122807017543859587e+00,1.350877192982455621e-01,1.116584429824561298e+00,3.047916666666666163e+00,5.929084429824558633e+00,9.760087719298242703e+00
9.147869674185463040e+00,1.351566416040099472e-01,1.117154115758145050e+00,3.049471726190476240e+00,5.932109472900999769e+00,9.765067355889723189e+00
9.172932330827066494e+00,1.352255639097743600e-01,1.117723801691729024e+00,3.051026785714285428e+00,5.935134515977440905e+00,9.770046992481200121e+00
9.197994987468671724e+00,1.352944862155387729e-01,1.118293487625312999e+00,3.052581845238094616e+00,5.938159559053882042e+00,9.775026629072678830e+00
9.223057644110275177e+00,1.353634085213031857e-01,1.118863173558896973e+00,3.054136904761904692e+00,5.941184602130323178e+00,9.780006265664157539e+00
9.248120300751878631e+00,1.354323308270675985e-01,1.119432859492480947e+00,3.055691964285713880e+00,5.944209645206764314e+00,9.784985902255636248e+00
9.273182957393483861e+00,1.355012531328320113e-01,1.120002545426064922e+00,3.057247023809523068e+00,5.947234688283205450e+00,9.789965538847114956e+00
9.298245614035087314e+00,1.355701754385963964e-01,1.120572231359648674e+00,3.058802083333332700e+00,5.950259731359646587e+00,9.794945175438593665e+00
9.323308270676690768e+00,1.356390977443608092e-01,1.121141917293232648e+00,3.060357142857142332e+00,5.953284774436087723e+00,9.799924812030070598e+00
9.348370927318295998e+00,1.357080200501252221e-01,1.121711603226816623e+00,3.061912202380951964e+00,5.956309817512528859e+00,9.804904448621551083e+00
9.373433583959899451e+00,1.357769423558896627e-01,1.122281289160400819e+00,3.063467261904762040e+00,5.959334860588970884e+00,9.809884085213031568e+00
9.398496240601502905e+00,1.358458646616540477e-01,1.122850975093984571e+00,3.065022321428570784e+00,5.962359903665410243e+00,9.814863721804508501e+00
9.423558897243108134e+00,1.359147869674184883e-01,1.123420661027568768e+00,3.066577380952380860e+00,5.965384946741853156e+00,9.819843358395988986e+00
9.448621553884711588e+00,1.359837092731828734e-01,1.123990346961152520e+00,3.068132440476190048e+00,5.968409989818293404e+00,9.824822994987465918e+00
9.473684210526315042e+00,1.360526315789472862e-01,1.124560032894736494e+00,3.069687500000000124e+00,5.971435032894734540e+00,9.829802631578946404e+00
9.498746867167918495e+00,1.361215538847116990e-01,1.125129718828320469e+00,3.071242559523809312e+00,5.974460075971175677e+00,9.834782268170423336e+00
9.523809523809523725e+00,1.361904761904761119e-01,1.125699404761904443e+00,3.072797619047618500e+00,5.977485119047616813e+00,9.839761904761903821e+00
9.548872180451127178e+00,1.362593984962405247e-01,1.126269090695488417e+00,3.074352678571428577e+00,5.980510162124057949e+00,9.844741541353380754e+00
9.573934837092730632e+00,1.363283208020049375e-01,1.126838776629072392e+00,3.075907738095237764e+00,5.983535205200499085e+00,9.849721177944859463e+00
9.598997493734335862e+00,1.363972431077693503e-01,1.127408462562656144e+00,3.077462797619047397e+00,5.986560248276940222e+00,9.854700814536338171e+00
9.624060150375939315e+00,1.364661654135337354e-01,1.127978148496240118e+00,3.079017857142856585e+00,5.989585291353381358e+00,9.859680451127816880e+00
9.649122807017542769e+00,1.365350877192981482e-01,1.128547834429824315e+00,3.080572916666666217e+00,5.992610334429822494e+00,9.864660087719295589e+00
9.674185463659147999e+00,1.366040100250625611e-01,1.129117520363408289e+00,3.082127976190475849e+00,5.995635377506263630e+00,9.869639724310774298e+00
9.699248120300751452e+00,1.366729323308269739e-01,1.129687206296992263e+00,3.083683035714285037e+00,5.998660420582704766e+00,9.874619360902251231e+00
9.724310776942354906e+00,1.367418546365913867e-01,1.130256892230576238e+00,3.085238095238094669e+00,6.001685463659145015e+00,9.879598997493731716e+00
9.749373433583960136e+00,1.368107769423558273e-01,1.130826578164160212e+00,3.086793154761904745e+00,6.004710506735587039e+00,9.884578634085210425e+00
9.774436090225563589e+00,1.368796992481202124e-01,1.131396264097743964e+00,3.088348214285713489e+00,6.007735549812026399e+00,9.889558270676689133e+00
9.799498746867167043e+00,1.369486215538846252e-01,1.131965950031328161e+00,3.089903273809524009e+00,6.010760592888469311e+00,9.894537907268167842e+00
9.824561403508770496e+00,1.370175438596490380e-01,1.132535635964911913e+00,3.091458333333332753e+00,6.013785635964908671e+00,9.899517543859644775e+00
9.849624060150375726e+00,1.370864661654134786e-01,1.133105321898496110e+00,3.093013392857142385e+00,6.016810679041350696e+00,9.904497180451127036e+00
9.874686716791979180e+00,1.371553884711778915e-01,1.133675007832080084e+00,3.094568452380952461e+00,6.019835722117791832e+00,9.909476817042603969e+00
9.899749373433582633e+00,1.372243107769423043e-01,1.134244693765664058e+00,3.096123511904761649e+00,6.022860765194232968e+00,9.914456453634084454e+00
9.924812030075187863e+00,1.372932330827066894e-01,1.134814379699247811e+00,3.097678571428571281e+00,6.025885808270674104e+00,9.919436090225561387e+00
9.949874686716791317e+00,1.373621553884711022e-01,1.135384065632831785e+00,3.099233630952380469e+00,6.028910851347115241e+00,9.924415726817040095e+00
9.974937343358394770e+00,1.374310776942355150e-01,1.135953751566415759e+00,3.100788690476190101e+00,6.031935894423556377e+00,9.929395363408518804e+00
1.000000000000000000e+01,1.374999999999999278e-01,1.136523437499999734e+00,3.102343749999999734e+00,6.034960937499997513e+00,9.934374999999997513e+00
